"LAKE_HISTORY_ID","LAKE_WATERBODY_NAME","Year","Date_First_Listing","Date_Last_Listing","Number_of_Reports","List_of_Locations","LATITUDE","LONGITUDE"
"01-BVLK-1.0","BEAVER LAKE INLET",2012,2012-08-07,2012-08-07,1,"01-BVLK-1.0",42.448431,-78.397214
"01-ELLI-3.2","ELLICOTT CREEK",2021,2021-09-29,2021-10-11,2,"01-ELLI-3.2",43.02476,-78.822257
"01-ELLI-3.2","ELLICOTT CREEK",2018,2018-08-06,2018-08-06,1,"01-ELLI-3.2",43.02476,-78.822257
"01-TEEN-0.3","EIGHTEENMILE CREEK",2021,2021-08-29,2021-08-29,1,"01-TEEN-0.3",42.71565556,-78.97070236
"0101DEL0025","DELAWARE PARK LAKE",2016,2016-09-20,2016-10-04,2,"0101DEL0025_C",42.932999,-78.8703
"0101HYDXXX1","HYDE PARK LAKE",2018,2018-07-08,2018-07-10,2,"0101HYDXXX1_C",43.100662,-79.022324
"0101HYDXXX1","HYDE PARK LAKE",2019,2019-10-21,2019-10-21,1,"0101HYDXXX1_C",43.100662,-79.022324
"0101HYDXXX1","HYDE PARK LAKE",2020,2020-07-23,2020-09-22,3,"0101HYDXXX1_C",43.100662,-79.022324
"0101HYDXXX1","HYDE PARK LAKE",2016,2016-08-14,2016-08-18,2,"0101HYDXXX1_C",43.100662,-79.022324
"0101HYDXXX1","HYDE PARK LAKE",2021,2021-08-18,2021-10-07,2,"0101HYDXXX1_C",43.100662,-79.022324
"0101UWB5306","UNNAMED POND GRAND ISLAND",2015,2015-06-27,2015-06-27,1,"0101UWB5306_C",42.965198,-78.951599
"0102FORXXX1","FOREST LAKE",2017,2017-09-14,2017-09-14,1,"0102FORXXX1_C",43.064198,-78.826684
"0102LA 5022","LAKE LA SALLE",2014,2014-09-30,2014-09-30,1,"0102LA 5022_C",43.004299,-78.781197
"0102UWB5186","WYOMOCO POND",2017,2017-07-31,2017-07-31,1,"0102UWB5186_BEACH",42.766102,-78.293404
"0102UWB5186","WYOMOCO POND",2018,2018-07-31,2018-07-31,1,"0102UWB5186_BEACH",42.766102,-78.293404
"0102UWB5214","UNNAMED WATER",2022,2022-08-13,2022-09-17,3,"0102UWB5214_C",43.027,-78.415199
"0103PRIXXX1","UNNAMED POND WALES",2017,2017-08-09,2017-08-09,1,"0103PRIXXX1_C",42.765822,-78.543686
"0104BEA0133","BEAVER LAKE",2012,2012-08-22,2012-08-28,2,"0104BEA0133_C",42.447201,-78.396599
"0104CLE0100","CLEAR LAKE",2020,2020-09-29,2020-09-29,1,"0104CLE0100_C",42.553501,-78.852997
"0104GRE5309","GREEN LAKE",2020,2020-09-30,2020-09-30,1,"0104GRE5309_C",42.757301,-78.751404
"0104JAV0152","JAVA LAKE",2012,2012-07-08,2012-09-25,8,"0104JAV0152_C",42.631302,-78.343903
"0104JAV0152","JAVA LAKE",2014,2014-08-11,2014-09-07,3,"0104JAV0152_C",42.631302,-78.343903
"0104JAV0152","JAVA LAKE",2016,2016-07-18,2016-08-28,3,"0104JAV0152_C, 0104JAV0152_NNW",42.631302,-78.343903
"0104JAV0152","JAVA LAKE",2017,2017-07-04,2017-10-11,8,"0104JAV0152_C, 0104JAV0152_NNW",42.631302,-78.343903
"0104JAV0152","JAVA LAKE",2018,2018-07-16,2018-09-05,4,"0104JAV0152_C",42.631302,-78.343903
"0104JAV0152","JAVA LAKE",2019,2019-07-14,2019-09-15,7,"0104JAV0152_C",42.631302,-78.343903
"0104JAV0152","JAVA LAKE",2020,2020-07-13,2020-09-20,6,"0104JAV0152_C",42.631302,-78.343903
"0104JAV0152","JAVA LAKE",2021,2021-06-29,2021-08-30,6,"0104JAV0152_C",42.631302,-78.343903
"0104JAV0152","JAVA LAKE",2022,2022-07-11,2022-08-24,3,"0104JAV0152_C",42.631302,-78.343903
"0104JAV0152","JAVA LAKE",2015,2015-07-12,2015-08-23,5,"0104JAV0152_C, 0104JAV0152_NNW",42.631302,-78.343903
"0104LIM0130","LIME LAKE",2012,2012-07-06,2012-08-04,3,"0104LIM0130_C",42.427399,-78.479202
"0104LIM0130","LIME LAKE",2013,2013-07-04,2013-08-29,2,"0104LIM0130_C",42.427399,-78.479202
"0104LIM0130","LIME LAKE",2014,2014-06-29,2014-06-29,1,"0104LIM0130_C",42.427399,-78.479202
"0104LIM0130","LIME LAKE",2017,2017-09-18,2017-09-18,1,"0104LIM0130_C",42.427399,-78.479202
"0104PRIXXX1","UNNAMED POND COLLINS",2017,2017-08-27,2017-08-27,1,"0104PRIXXX1_C",42.471866,-78.828332
"0104UWB5460","UNNAMED WATER",2019,2019-06-19,2019-06-19,1,"0104UWB5460_C",42.713299,-78.7379
"0104UWBXXX1","UNNAMED POND ORCHARD PARK",2017,2017-09-20,2017-09-20,1,"0104UWBXXX1_C",42.7547,-78.7258
"02-CHAD-5.6","CHADOKOIN RIVER",2022,2022-08-06,2022-08-06,1,"02-CHAD-5.6",42.09289385,-79.24399509
"02-WANG-5.9","CONEWANGO RIVER",2020,2020-09-21,2020-09-21,1,"02-WANG-5.9",42.05263,-79.17541
"0201ALL5357","ALLEGHENY RESERVOIR",2012,2012-08-29,2012-08-29,1,"0201ALL5357_C",42.030537,-78.946871
"0201ALL5357","ALLEGHENY RESERVOIR",2013,2013-07-10,2013-08-01,2,"0201ALL5357_C",42.030537,-78.946871
"0201ALL5357","ALLEGHENY RESERVOIR",2016,2016-07-28,2016-10-11,6,"0201ALL5357_C",42.030537,-78.946871
"0201ALL5357","ALLEGHENY RESERVOIR",2018,2018-10-05,2018-10-25,4,"0201ALL5357_C",42.030537,-78.946871
"0201ALL5357","ALLEGHENY RESERVOIR",2019,2019-08-26,2019-10-10,5,"0201ALL5357_C",42.030537,-78.946871
"0201ALL5357","ALLEGHENY RESERVOIR",2020,2020-09-01,2020-10-16,5,"0201ALL5357_C, 0201ALL5357_FA",42.030537,-78.946871
"0201ALL5357","ALLEGHENY RESERVOIR",2017,2017-07-05,2017-10-12,9,"0201ALL5357_C, 0201ALL5357_DH, 0201ALL5357_FA, 0201ALL5357_FR",42.030537,-78.946871
"0201ALL5357","ALLEGHENY RESERVOIR",2021,2021-07-27,2021-09-28,5,"0201ALL5357_FA",42.030537,-78.946871
"0201CUB0115","CUBA LAKE",2015,2015-08-18,2015-09-02,2,"0201CUB0115_C",42.253399,-78.292801
"0201CUB0115","CUBA LAKE",2019,2019-09-03,2019-09-17,2,"0201CUB0115_C",42.253399,-78.292801
"0201QUA5359","QUAKER LAKE",2014,2014-09-14,2014-09-14,1,"0201QUA5359_C",42.043301,-78.867798
"0201QUA5359","QUAKER LAKE",2018,2018-08-13,2018-08-13,1,"0201QUA5359_OPRBEACH",42.043301,-78.867798
"0201QUA5359","QUAKER LAKE",2019,2019-07-03,2019-09-11,2,"0201QUA5359_OPRBEACH",42.043301,-78.867798
"0201QUA5359","QUAKER LAKE",2020,2020-07-24,2020-10-23,4,"0201QUA5359_C, 0201QUA5359_OPRBEACH",42.043301,-78.867798
"0201QUA5359","QUAKER LAKE",2021,2021-07-20,2021-09-03,4,"0201QUA5359_OPRBEACH",42.043301,-78.867798
"0201QUA5359","QUAKER LAKE",2022,2022-08-04,2022-09-04,2,"0201QUA5359_OPRBEACH",42.043301,-78.867798
"0201QUA5359","QUAKER LAKE",2015,2015-08-14,2015-08-14,1,"0201QUA5359_C",42.043301,-78.867798
"0201RED0095B","RED HOUSE LAKE",2012,2012-09-07,2012-09-07,1,"0201RED0095B_C",42.102798,-78.744598
"0201RED0095B","RED HOUSE LAKE",2013,2013-07-26,2013-08-09,2,"0201RED0095B_C",42.102798,-78.744598
"0201RED0095B","RED HOUSE LAKE",2016,2016-08-10,2016-08-26,2,"0201RED0095B_OPRBEACH",42.102798,-78.744598
"0201RED0095B","RED HOUSE LAKE",2020,2020-08-04,2020-08-04,1,"0201RED0095B_OPRBEACH",42.102798,-78.744598
"0201RED0095B","RED HOUSE LAKE",2021,2021-08-13,2021-08-24,2,"0201RED0095B_OPRBEACH",42.102798,-78.744598
"0201RED0095B","RED HOUSE LAKE",2022,2022-08-14,2022-08-27,2,"0201RED0095B_DH, 0201RED0095B_OPRBEACH",42.102798,-78.744598
"0201RED0095B","RED HOUSE LAKE",2017,2017-07-14,2017-07-14,1,"0201RED0095B_OPRBEACH",42.102798,-78.744598
"0202BEA0131","BEAR LAKE",2019,2019-07-25,2019-08-02,2,"0202BEA0131_C",42.346802,-79.383904
"0202BEA0131","BEAR LAKE",2018,2018-07-15,2018-07-15,1,"0202BEA0131_C",42.346802,-79.383904
"0202CHA0122","CHAUTAUQUA LAKE",2013,2013-08-11,2013-09-05,2,"0202CHA0122_NCSL",42.202801,-79.4385
"0202CHA0122","CHAUTAUQUA LAKE",2014,2014-07-20,2014-09-27,5,"0202CHA0122_NCSL, 0202CHA0122_SCSL",42.202801,-79.4385
"0202CHA0122","CHAUTAUQUA LAKE",2015,2015-08-08,2015-09-07,2,"0202CHA0122_SCSL",42.202801,-79.4385
"0202CHA0122","CHAUTAUQUA LAKE",2012,2012-08-13,2012-09-30,4,"0202CHA0122_NCSL, 0202CHA0122_SCSL",42.202801,-79.4385
"0202CHA0122","CHAUTAUQUA LAKE",2017,2017-07-13,2017-09-04,9,"0202CHA0122_CELL, 0202CHA0122_GRNHRST, 0202CHA0122_LPPB, 0202CHA0122_NCSL, 0202CHA0122_SCSL",42.202801,-79.4385
"0202CHA0122","CHAUTAUQUA LAKE",2018,2018-05-14,2018-10-19,14,"0202CHA0122_C, 0202CHA0122_CHAN, 0202CHA0122_CHAS",42.202801,-79.4385
"0202CHA0122","CHAUTAUQUA LAKE",2019,2019-07-01,2019-10-28,23,"0202CHA0122_BPDEC, 0202CHA0122_BRIG, 0202CHA0122_C, 0202CHA0122_CELL, 0202CHA0122_CHAS, 0202CHA0122_LKWB, 0202CHA0122_LPPM, 0202CHA0122_OPRBEACH, 0202CHA0122_SCSL",42.202801,-79.4385
"0202CHA0122","CHAUTAUQUA LAKE",2016,2016-08-07,2016-09-08,4,"0202CHA0122_BPDEC, 0202CHA0122_LPPM, 0202CHA0122_SCSL, 0202CHA0122_STFY",42.202801,-79.4385
"0202CHA0122","CHAUTAUQUA LAKE",2021,2021-05-22,2021-10-15,28,"0202CHA0122_BPDEC, 0202CHA0122_BPHL, 0202CHA0122_BRIG, 0202CHA0122_C, 0202CHA0122_CELL, 0202CHA0122_CHAN, 0202CHA0122_CHAS, 0202CHA0122_LPPB, 0202CHA0122_LPPM, 0202CHA0122_NCSL, 0202CHA0122_OUT, 0202CHA0122_SCSL",42.202801,-79.4385
"0202CHA0122","CHAUTAUQUA LAKE",2022,2022-06-11,2022-10-24,26,"0202CHA0122_BBSE, 0202CHA0122_BPDEC, 0202CHA0122_BPHL, 0202CHA0122_C, 0202CHA0122_CHAN, 0202CHA0122_CHAS, 0202CHA0122_CLA, 0202CHA0122_LPPB, 0202CHA0122_LPPM, 0202CHA0122_OUT, 0202CHA0122_SCSL",42.202801,-79.4385
"0202CHA0122","CHAUTAUQUA LAKE",2020,2020-06-16,2020-08-31,31,"0202CHA0122_BBSE, 0202CHA0122_BEACH_2, 0202CHA0122_BPDEC, 0202CHA0122_C, 0202CHA0122_CHAS, 0202CHA0122_CICB, 0202CHA0122_CIHB, 0202CHA0122_CIUB, 0202CHA0122_CLA, 0202CHA0122_LKWB, 0202CHA0122_LPPB, 0202CHA0122_OPRBEACH, 0202CHA0122_SCSL",42.202801,-79.4385
"0202FIN0153","FINDLEY LAKE",2012,2012-08-06,2012-08-23,2,"0202FIN0153_C",42.101898,-79.726196
"0202FIN0153","FINDLEY LAKE",2017,2017-08-14,2017-10-05,3,"0202FIN0153_C, 0202FIN0153_E",42.101898,-79.726196
"0202FIN0153","FINDLEY LAKE",2018,2018-08-09,2018-08-23,3,"0202FIN0153_C",42.101898,-79.726196
"0202FIN0153","FINDLEY LAKE",2019,2019-07-18,2019-08-17,2,"0202FIN0153_C",42.101898,-79.726196
"0202FIN0153","FINDLEY LAKE",2020,2020-08-15,2020-08-15,1,"0202FIN0153_BEACH_1",42.101898,-79.726196
"0202FIN0153","FINDLEY LAKE",2015,2015-08-11,2015-10-06,7,"0202FIN0153_C",42.101898,-79.726196
"0300ONT0000","LAKE ONTARIO",2016,2016-08-19,2016-08-19,1,"0300ONT0000_LPSP",43.65615,-76.18207
"0300ONT0000","LAKE ONTARIO",2017,2017-08-01,2017-08-31,3,"0300ONT0000_BEACH_2, 0300ONT0000_LPSP, 0300ONT0000_OPRBEACH_14",43.65615,-76.18207
"0300ONT0000","LAKE ONTARIO",2018,2018-09-12,2018-09-16,3,"0300ONT0000_GUF, 0300ONT0000_OSW",43.65615,-76.18207
"0300ONT0000","LAKE ONTARIO",2015,2015-10-02,2015-10-02,1,"0300ONT0000_OPRBEACH_14",43.65615,-76.18207
"0300ONT0000","LAKE ONTARIO",2020,2020-08-28,2020-09-03,2,"0300ONT0000_LPSP",43.65615,-76.18207
"0300ONT0000","LAKE ONTARIO",2021,2021-08-28,2021-08-28,1,"0300ONT0000_OPRBEACH_14",43.65615,-76.18207
"0300ONT0000","LAKE ONTARIO",2022,2022-08-16,2022-08-28,2,"0300ONT0000_OPRBEACH_11",43.65615,-76.18207
"0300ONT0000","LAKE ONTARIO",2019,2019-07-05,2019-07-05,1,"0300ONT0000_BEACH_2",43.65615,-76.18207
"0301BRA0155A","BRADDOCK BAY",2022,2022-07-01,2022-07-01,1,"0301BRA0155A_C",43.312302,-77.715599
"0301BUC0153","BUCK POND",2016,2016-08-03,2016-08-03,1,"0301BUC0153_DH",43.281359,-77.668496
"0301WAT0166","WATERPORT RESERVOIR",2016,2016-08-02,2016-08-02,1,"0301WAT0166_C",43.3213,-78.258499
"0302BLI0077","BLIND SODUS BAY",2014,2014-08-02,2014-08-02,1,"0302BLI0077_C",43.338299,-76.728302
"0302BLI0077","BLIND SODUS BAY",2016,2016-09-13,2016-10-07,2,"0302BLI0077_C",43.338299,-76.728302
"0302DUR0148A","DURAND LAKE",2016,2016-09-07,2016-10-26,3,"0302DUR0148A_C",43.233299,-77.557602
"0302IRO0113","IRONDEQUOIT BAY",2019,2019-08-13,2019-08-13,1,"0302IRO0113_C",43.191799,-77.522003
"0302LAC0132","LAKE LACOMA",2014,2014-09-28,2014-09-28,1,"0302LAC0132_C",43.0509,-77.479401
"0302LAC0132","LAKE LACOMA",2015,2015-11-13,2015-11-13,1,"0302LAC0132_C",43.0509,-77.479401
"0302LAC0132","LAKE LACOMA",2018,2018-06-10,2018-06-10,1,"0302LAC0132_C",43.0509,-77.479401
"0302LAC0132","LAKE LACOMA",2020,2020-10-06,2020-10-06,1,"0302LAC0132_C",43.0509,-77.479401
"0302LAC0132","LAKE LACOMA",2021,2021-06-06,2021-09-07,3,"0302LAC0132_C",43.0509,-77.479401
"0302LAC0132","LAKE LACOMA",2017,2017-06-05,2017-07-08,3,"0302LAC0132_C",43.0509,-77.479401
"0302LSO0076","LITTLE SODUS BAY",2022,2022-09-07,2022-09-07,1,"0302LSO0076_C",43.330502,-76.709198
"0302LSO0076","LITTLE SODUS BAY",2019,2019-07-07,2019-07-07,1,"0302LSO0076_C",43.330502,-76.709198
"0302MIL0092","MILLPOND",2020,2020-08-19,2020-08-19,1,"0302MIL0092_C",43.169701,-76.7658
"0302POR0089","PORT BAY",2014,2014-07-22,2014-07-22,1,"0302POR0089_C",43.2976,-76.8321
"0302POR0089","PORT BAY",2019,2019-08-20,2019-08-20,1,"0302POR0089_C",43.2976,-76.8321
"0302POR0089","PORT BAY",2020,2020-07-31,2020-08-09,3,"0302POR0089_C",43.2976,-76.8321
"0302SOD0096","SODUS BAY",2013,2013-08-27,2013-08-27,1,"0302SOD0096_C",43.248299,-76.958504
"0302SOD0096","SODUS BAY",2015,2015-06-09,2015-06-09,1,"0302SOD0096_SPO",43.248299,-76.958504
"0302SOD0096","SODUS BAY",2019,2019-06-05,2019-06-05,1,"0302SOD0096_C",43.248299,-76.958504
"0302SOD0096","SODUS BAY",2012,2012-10-03,2012-10-03,1,"0302SOD0096_C",43.248299,-76.958504
"0302SOD0096","SODUS BAY",2022,2022-08-31,2022-08-31,1,"0302SOD0096_C",43.248299,-76.958504
"0302TINXXX1","TINKER PARK POND",2018,2018-09-28,2018-09-28,1,"0302TINXXX1_C",43.067417,-77.570756
"0302UWB0108D","CASEY PARK POND",2014,2014-10-31,2014-10-31,1,"0302UWB0108D_C",43.235298,-77.297401
"0302UWB0108D","CASEY PARK POND",2021,2021-11-17,2021-11-17,1,"0302UWB0108D_C",43.235298,-77.297401
"0302UWB0108D","CASEY PARK POND",2022,2022-04-07,2022-04-07,1,"0302UWB0108D_C",43.235298,-77.297401
"0303HYD0391","HYDE LAKE",2018,2018-08-15,2018-08-15,1,"0303HYD0391_BEACH_1",44.243599,-75.833198
"0303HYD0391","HYDE LAKE",2021,2021-07-10,2021-08-21,4,"0303HYD0391_C",44.243599,-75.833198
"0303HYD0391","HYDE LAKE",2022,2022-07-27,2022-11-11,18,"0303HYD0391_C",44.243599,-75.833198
"0303HYD0391","HYDE LAKE",2017,2017-08-24,2017-08-24,1,"0303HYD0391_BEACH_1",44.243599,-75.833198
"0303LAK1031","LAKEVIEW POND",2019,2019-08-03,2019-08-03,1,"0303LAK1031_C",43.748901,-76.206596
"0303LOR0009","LORTON LAKE",2012,2012-08-24,2012-09-22,2,"0303LOR0009_C",43.503741,-75.89079
"0303NOR1041","NORTH SANDY POND",2015,2015-09-25,2015-09-25,1,"0303NOR1041_DH",43.6535,-76.176002
"0303NOR1041","NORTH SANDY POND",2016,2016-08-09,2016-09-03,2,"0303NOR1041_C",43.6535,-76.176002
"0303NOR1041","NORTH SANDY POND",2021,2021-10-08,2021-10-08,1,"0303NOR1041_C",43.6535,-76.176002
"0303NOR1041","NORTH SANDY POND",2022,2022-08-25,2022-08-25,1,"0303NOR1041_C",43.6535,-76.176002
"0303NOR1041","NORTH SANDY POND",2020,2020-08-29,2020-08-29,1,"0303NOR1041_C",43.6535,-76.176002
"0402CAN0043","CANADICE LAKE",2019,2019-09-20,2019-09-20,1,"0402CAN0043_CSL1",42.718399,-77.568802
"0402CAN0043","CANADICE LAKE",2022,2022-10-06,2022-10-06,1,"0402CAN0043_C",42.718399,-77.568802
"0402CON0067","CONESUS LAKE",2016,2016-06-21,2016-11-25,7,"0402CON0067_C, 0402CON0067_VIT",42.752201,-77.718697
"0402CON0067","CONESUS LAKE",2018,2018-06-20,2018-10-23,4,"0402CON0067_BEACH_2, 0402CON0067_C, 0402CON0067_VIT",42.752201,-77.718697
"0402CON0067","CONESUS LAKE",2019,2019-06-27,2019-10-09,4,"0402CON0067_BEACH_1, 0402CON0067_C",42.752201,-77.718697
"0402CON0067","CONESUS LAKE",2014,2014-08-27,2014-09-05,2,"0402CON0067_C",42.752201,-77.718697
"0402CON0067","CONESUS LAKE",2021,2021-07-07,2021-07-09,2,"0402CON0067_BEACH_1, 0402CON0067_C",42.752201,-77.718697
"0402CON0067","CONESUS LAKE",2022,2022-07-12,2022-08-12,3,"0402CON0067_BEACH_1, 0402CON0067_BEACH_2, 0402CON0067_BEACH_3",42.752201,-77.718697
"0402CON0067","CONESUS LAKE",2020,2020-06-20,2020-07-22,5,"0402CON0067_BEACH_1, 0402CON0067_BEACH_3",42.752201,-77.718697
"0402CONXXX1","CONESUS CREEK",2015,2015-07-20,2015-07-20,1,"0402CONXXX1_C",42.834736,-77.704561
"0402HEM0044","HEMLOCK LAKE",2018,2018-07-25,2018-07-25,1,"0402HEM0044_C",42.705799,-77.605904
"0402HEM0044","HEMLOCK LAKE",2019,2019-07-19,2019-08-21,2,"0402HEM0044_CSL1, 0402HEM0044_CSL2",42.705799,-77.605904
"0402HEM0044","HEMLOCK LAKE",2020,2020-06-26,2020-09-08,2,"0402HEM0044_CSL1",42.705799,-77.605904
"0402HEM0044","HEMLOCK LAKE",2017,2017-07-12,2017-07-12,1,"0402HEM0044_CSL1",42.705799,-77.605904
"0402HEM0044","HEMLOCK LAKE",2022,2022-07-23,2022-07-23,1,"0402HEM0044_CSL1",42.705799,-77.605904
"0402HEM0044","HEMLOCK LAKE",2021,2021-06-21,2021-10-14,2,"0402HEM0044_CSL1",42.705799,-77.605904
"0402HON0057","HONEOYE LAKE",2013,2013-07-11,2013-10-07,8,"0402HON0057_C",42.7542,-77.511597
"0402HON0057","HONEOYE LAKE",2014,2014-06-16,2014-10-16,15,"0402HON0057_C",42.7542,-77.511597
"0402HON0057","HONEOYE LAKE",2015,2015-07-27,2015-10-14,7,"0402HON0057_3203, 0402HON0057_C",42.7542,-77.511597
"0402HON0057","HONEOYE LAKE",2016,2016-07-25,2016-09-19,6,"0402HON0057_3201, 0402HON0057_3202, 0402HON0057_3208, 0402HON0057_3210",42.7542,-77.511597
"0402HON0057","HONEOYE LAKE",2017,2017-08-25,2017-10-10,3,"0402HON0057_3202, 0402HON0057_C",42.7542,-77.511597
"0402HON0057","HONEOYE LAKE",2018,2018-06-04,2018-10-15,8,"0402HON0057_3201, 0402HON0057_3202, 0402HON0057_3203, 0402HON0057_C",42.7542,-77.511597
"0402HON0057","HONEOYE LAKE",2019,2019-07-02,2019-08-06,7,"0402HON0057_3211, 0402HON0057_BEACH, 0402HON0057_C",42.7542,-77.511597
"0402HON0057","HONEOYE LAKE",2020,2020-06-18,2020-09-15,7,"0402HON0057_3210, 0402HON0057_BEACH, 0402HON0057_C",42.7542,-77.511597
"0402HON0057","HONEOYE LAKE",2021,2021-07-05,2021-10-06,8,"0402HON0057_3201, 0402HON0057_3206, 0402HON0057_3210, 0402HON0057_3212, 0402HON0057_C",42.7542,-77.511597
"0402HON0057","HONEOYE LAKE",2022,2022-06-10,2022-08-23,5,"0402HON0057_3201, 0402HON0057_C",42.7542,-77.511597
"0402HON0057","HONEOYE LAKE",2012,2012-08-09,2012-09-12,6,"0402HON0057_C",42.7542,-77.511597
"0402MIL0016","MILL POND",2014,2014-08-07,2014-08-07,1,"0402MIL0016_C",43.083599,-78.056999
"0402MIL0016","MILL POND",2015,2015-06-25,2015-10-01,2,"0402MIL0016_C",43.083599,-78.056999
"0402UWB5160","AVON MARSH DAM POND",2016,2016-06-16,2016-09-28,4,"0402UWB5160_C, 0402UWB5160_NNE, 0402UWB5160_NW",42.9011,-77.668602
"0402UWB5160","AVON MARSH DAM POND",2019,2019-09-09,2019-09-09,1,"0402UWB5160_C",42.9011,-77.668602
"0402UWB5160","AVON MARSH DAM POND",2022,2022-06-28,2022-06-28,1,"0402UWB5160_C",42.9011,-77.668602
"0402UWB5160","AVON MARSH DAM POND",2015,2015-07-29,2015-09-23,4,"0402UWB5160_C, 0402UWB5160_NNE, 0402UWB5160_NW",42.9011,-77.668602
"0403AND0164","ANDOVER POND",2016,2016-06-15,2016-07-26,3,"0403AND0164_C, 0403AND0164_SSE",42.1656,-77.793602
"0403RUS0146","RUSHFORD LAKE",2019,2019-07-10,2019-10-19,2,"0403RUS0146_C",42.3806,-78.192703
"0403SIL0115","SILVER LAKE",2014,2014-08-22,2014-08-22,1,"0403SIL0115_C",42.687199,-78.034798
"0403SIL0115","SILVER LAKE",2015,2015-07-24,2015-08-12,3,"0403SIL0115_C, 0403SIL0115_NNE",42.687199,-78.034798
"0403SIL0115","SILVER LAKE",2017,2017-09-09,2017-09-22,2,"0403SIL0115_C",42.687199,-78.034798
"0403SIL0115","SILVER LAKE",2021,2021-07-18,2021-07-18,1,"0403SIL0115_C",42.687199,-78.034798
"0403SIL0115","SILVER LAKE",2022,2022-06-24,2022-07-03,2,"0403SIL0115_C",42.687199,-78.034798
"0403SIL0115","SILVER LAKE",2019,2019-05-27,2019-07-31,5,"0403SIL0115_C",42.687199,-78.034798
"0403UWB5279","UNNAMED WATER",2021,2021-07-28,2021-07-28,1,"0403UWB5279_C",42.5951,-78.047996
"0404LOO0079","LOON LAKE",2015,2015-06-13,2015-06-13,1,"0404LOO0079_C",42.492599,-77.566902
"0404LOO0079","LOON LAKE",2019,2019-06-26,2019-09-21,2,"0404LOO0079_C",42.492599,-77.566902
"0404LOO0079","LOON LAKE",2022,2022-06-25,2022-06-25,1,"0404LOO0079_C",42.492599,-77.566902
"0404LOO0079","LOON LAKE",2012,2012-06-16,2012-06-16,1,"0404LOO0079_C",42.492599,-77.566902
"0404UWB5318","MOSCO MOSKO BEACHVILLE DAM",2016,2016-06-17,2016-06-17,1,"0404UWB5318_C",42.455,-77.63472
"05-LLKC-0.2","LAMOKA LAKE CHANNEL",2022,2022-11-03,2022-11-03,1,"05-LLKC-0.2",42.418768,-77.089605
"05-LLKC-0.2","LAMOKA LAKE CHANNEL",2013,2013-09-17,2013-09-17,1,"05-LLKC-0.2",42.418768,-77.089605
"0501MIL0016","MILLER POND",2020,2020-09-17,2020-09-17,1,"0501MIL0016_C",42.0714,-76.792198
"0502LAM0047","LAMOKA LAKE",2016,2016-08-25,2016-08-25,1,"0502LAM0047_C",42.4058,-77.077797
"0502LAM0047","LAMOKA LAKE",2022,2022-09-24,2022-10-25,2,"0502LAM0047_C",42.4058,-77.077797
"0502LAM0047","LAMOKA LAKE",2017,2017-10-01,2017-10-01,1,"0502LAM0047_C",42.4058,-77.077797
"0502MUD0063","MUD LAKE",2012,2012-08-30,2012-08-30,1,"0502MUD0063_C",42.491402,-77.279198
"0502SAL0051","LAKE SALUBRIA",2019,2019-06-18,2019-06-18,1,"0502SAL0051_C",42.3293,-77.2929
"0502SAL0051","LAKE SALUBRIA",2021,2021-06-19,2021-06-19,1,"0502SAL0051_C",42.3293,-77.2929
"0502SAL0051","LAKE SALUBRIA",2020,2020-06-23,2020-06-23,1,"0502SAL0051_C",42.3293,-77.2929
"0502SMI0066","SMITH POND",2014,2014-10-13,2014-11-01,2,"0502SMI0066_C, 0502SMI0066_NE",42.388802,-77.474403
"0502SMI0066","SMITH POND",2015,2015-06-28,2015-07-28,2,"0502SMI0066_C, 0502SMI0066_NE",42.388802,-77.474403
"0502SMI0066","SMITH POND",2016,2016-07-03,2016-07-31,2,"0502SMI0066_SSE, 0502SMI0066_SW",42.388802,-77.474403
"0502SMI0066","SMITH POND",2013,2013-06-30,2013-10-19,7,"0502SMI0066_C",42.388802,-77.474403
"0502SMI0066","SMITH POND",2018,2018-08-05,2018-08-05,1,"0502SMI0066_C",42.388802,-77.474403
"0502SMI0066","SMITH POND",2019,2019-06-17,2019-06-17,1,"0502SMI0066_C",42.388802,-77.474403
"0502SMI0066","SMITH POND",2021,2021-06-28,2021-06-28,1,"0502SMI0066_C",42.388802,-77.474403
"0502SMI0066","SMITH POND",2017,2017-06-11,2017-07-09,3,"0502SMI0066_C, 0502SMI0066_SSE",42.388802,-77.474403
"0502WAN0048","WANETA LAKE",2013,2013-07-31,2013-10-23,6,"0502WAN0048_C",42.4445,-77.101799
"0502WAN0048","WANETA LAKE",2018,2018-09-13,2018-10-07,2,"0502WAN0048_C",42.4445,-77.101799
"0502WAN0048","WANETA LAKE",2019,2019-08-25,2019-08-25,1,"0502WAN0048_C",42.4445,-77.101799
"0502WAN0048","WANETA LAKE",2012,2012-09-17,2012-10-24,2,"0502WAN0048_C",42.4445,-77.101799
"0503GOO0027","GOODHUE LAKE",2012,2012-09-01,2012-10-01,2,"0503GOO0027_C",42.1824,-77.270897
"0503PRIXXX1","UNNAMED POND CAMERON MILLS",2016,2016-08-17,2016-08-17,1,"0503PRIXXX1_C",42.19094,-77.358066
"0503TANXXX1","TANGLEWOOD LAKE",2017,2017-09-23,2017-09-23,1,"0503TANXXX1_C",42.193635,-77.251116
"0503TANXXX1","TANGLEWOOD LAKE",2018,2018-07-21,2018-08-04,2,"0503TANXXX1_C",42.193635,-77.251116
"0503TANXXX1","TANGLEWOOD LAKE",2019,2019-07-06,2019-07-06,1,"0503TANXXX1_C",42.193635,-77.251116
"0503TANXXX1","TANGLEWOOD LAKE",2021,2021-06-02,2021-06-02,1,"0503TANXXX1_C",42.193635,-77.251116
"0503TANXXX1","TANGLEWOOD LAKE",2022,2022-08-21,2022-08-21,1,"0503TANXXX1_C",42.193635,-77.251116
"0503TANXXX1","TANGLEWOOD LAKE",2020,2020-07-19,2020-08-02,2,"0503TANXXX1_C",42.193635,-77.251116
"0601ALL0194","ALLENS POND",2016,2016-06-30,2016-06-30,1,"0601ALL0194_C",42.564098,-75.305801
"0601BEA0174","BEAVER LAKE",2013,2013-06-02,2013-08-30,9,"0601BEA0174_C",42.045502,-75.665703
"0601BEA0174","BEAVER LAKE",2014,2014-07-21,2014-07-21,1,"0601BEA0174_C",42.045502,-75.665703
"0601BEA0174","BEAVER LAKE",2015,2015-07-13,2015-09-26,2,"0601BEA0174_C",42.045502,-75.665703
"0601BEA0174","BEAVER LAKE",2012,2012-06-17,2012-10-07,7,"0601BEA0174_C",42.045502,-75.665703
"0601BEA0174","BEAVER LAKE",2018,2018-09-02,2018-09-02,1,"0601BEA0174_C",42.045502,-75.665703
"0601BEA0174","BEAVER LAKE",2022,2022-08-29,2022-08-29,1,"0601BEA0174_C",42.045502,-75.665703
"0601BEA0174","BEAVER LAKE",2017,2017-06-26,2017-06-26,1,"0601BEA0174_SE",42.045502,-75.665703
"0601CAN0392","CANADARAGO LAKE",2015,2015-08-26,2015-08-26,1,"0601CAN0392_C",42.8153,-75.006103
"0601CED0241","CEDAR LAKE",2015,2015-09-01,2015-09-01,1,"0601CED0241_BEACH",42.953701,-75.185997
"0601CHE0213","CHENANGO LAKE",2020,2020-10-22,2020-10-22,1,"0601CHE0213_C",42.5826,-75.4412
"0601CHE0213","CHENANGO LAKE",2016,2016-10-17,2016-10-17,1,"0601CHE0213_C",42.5826,-75.4412
"0601ESI0262","EAST SIDNEY LAKE",2019,2019-09-05,2019-09-05,1,"0601ESI0262_BEACH",42.327599,-75.2145
"0601GIL0287","GILBERT LAKE",2014,2014-08-15,2014-08-15,1,"0601GIL0287_C",42.580002,-75.128304
"0601GIL0287","GILBERT LAKE",2016,2016-08-04,2016-09-29,3,"0601GIL0287_C, 0601GIL0287_OPRBEACH",42.580002,-75.128304
"0601OTS0404","OTSEGO LAKE",2022,2022-08-18,2022-10-04,4,"0601OTS0404_C",42.762299,-74.896896
"0601TIT0320","TITUS LAKE",2013,2013-07-24,2013-07-25,2,"0601TIT0320_C",42.501701,-74.712799
"0601WHI5191","WHITE BIRCH LAKE",2014,2014-07-28,2014-07-28,1,"0601WHI5191_C",42.040402,-75.636803
"0601WHI5191","WHITE BIRCH LAKE",2017,2017-09-05,2017-09-05,1,"0601WHI5191_C",42.040402,-75.636803
"0601WIL0297","WILBER LAKE",2020,2020-11-09,2020-11-09,1,"0601WIL0297_C",42.516701,-75.051002
"0602BRA0154","BRADLEY BROOK RESERVOIR",2022,2022-06-29,2022-09-20,2,"0602BRA0154_C",42.834,-75.662201
"0602BRA0154","BRADLEY BROOK RESERVOIR",2021,2021-06-20,2021-09-17,2,"0602BRA0154_C",42.834,-75.662201
"0602CAS5626","CASTERLINE POND",2020,2020-07-04,2020-07-04,1,"0602CAS5626_C",42.650799,-76.173798
"0602DEA0036","DEAN POND",2013,2013-07-12,2013-11-01,10,"0602DEA0036_C, 0602DEA0036_N",42.4477,-76.003403
"0602DEA0036","DEAN POND",2015,2015-05-24,2015-10-17,11,"0602DEA0036_C, 0602DEA0036_N",42.4477,-76.003403
"0602DEA0036","DEAN POND",2016,2016-06-18,2016-11-28,10,"0602DEA0036_C, 0602DEA0036_N",42.4477,-76.003403
"0602DEA0036","DEAN POND",2017,2017-05-27,2017-08-03,2,"0602DEA0036_C, 0602DEA0036_N",42.4477,-76.003403
"0602DEA0036","DEAN POND",2014,2014-06-08,2014-10-18,7,"0602DEA0036_C, 0602DEA0036_N",42.4477,-76.003403
"0602DEA0036","DEAN POND",2018,2018-07-24,2018-08-21,3,"0602DEA0036_C",42.4477,-76.003403
"0602EAR0146","CRAINE LAKE",2012,2012-07-02,2012-07-29,2,"0602EAR0146_C",42.760601,-75.5578
"0602EAR0146","CRAINE LAKE",2013,2013-05-28,2013-09-01,7,"0602EAR0146_C",42.760601,-75.5578
"0602EAR0146","CRAINE LAKE",2014,2014-07-01,2014-09-03,3,"0602EAR0146_C",42.760601,-75.5578
"0602EAR0146","CRAINE LAKE",2016,2016-09-22,2016-09-22,1,"0602EAR0146_C",42.760601,-75.5578
"0602EAR0146","CRAINE LAKE",2018,2018-05-29,2018-06-24,2,"0602EAR0146_NE",42.760601,-75.5578
"0602EAR0146","CRAINE LAKE",2019,2019-06-12,2019-06-23,2,"0602EAR0146_C",42.760601,-75.5578
"0602EAR0146","CRAINE LAKE",2020,2020-06-15,2020-06-15,1,"0602EAR0146_C",42.760601,-75.5578
"0602EAR0146","CRAINE LAKE",2022,2022-07-10,2022-07-10,1,"0602EAR0146_C",42.760601,-75.5578
"0602EAR0146","CRAINE LAKE",2015,2015-08-25,2015-08-25,1,"0602EAR0146_N",42.760601,-75.5578
"0602ECH0081","ECHO LAKE",2013,2013-05-21,2013-07-14,4,"0602ECH0081_C",42.386299,-75.8507
"0602ECH0081","ECHO LAKE",2021,2021-06-01,2021-06-01,1,"0602ECH0081_C",42.386299,-75.8507
"0602GEN0088","GENEGANSLET LAKE",2013,2013-09-16,2013-09-16,1,"0602GEN0088_C",42.5173,-75.774803
"0602GLEXXX1","GLENN LAKE",2016,2016-10-06,2016-10-06,1,"0602GLEXXX1_C",42.480492,-75.492493
"0602HAT0155","HATCH LAKE",2012,2012-06-10,2012-10-04,2,"0602HAT0155_C",42.834598,-75.677803
"0602HAT0155","HATCH LAKE",2017,2017-11-08,2017-11-08,1,"0602HAT0155_C",42.834598,-75.677803
"0602HAT0155","HATCH LAKE",2018,2018-09-15,2018-09-15,1,"0602HAT0155_C",42.834598,-75.677803
"0602LEB0153","LEBANON RESERVOIR",2021,2021-11-07,2021-11-07,1,"0602LEB0153_C",42.802898,-75.606903
"0602MEL0039","MELODY LAKE",2013,2013-10-01,2013-10-01,1,"0602MEL0039_C",42.470299,-75.8741
"0602MOR0152","LAKE MORAINE",2015,2015-06-12,2015-06-12,1,"0602MOR0152_C",42.850201,-75.522201
"0602MOR0152","LAKE MORAINE",2017,2017-06-09,2017-06-09,1,"0602MOR0152_C",42.850201,-75.522201
"0602MOR0152","LAKE MORAINE",2021,2021-06-07,2021-10-29,2,"0602MOR0152_C",42.850201,-75.522201
"0602MOR0152","LAKE MORAINE",2022,2022-06-05,2022-06-05,1,"0602MOR0152_C",42.850201,-75.522201
"0602PET0078","LAKE PETONIA",2014,2014-09-26,2014-09-26,1,"0602PET0078_C",42.331699,-75.7985
"0602PLY0107","PLYMOUTH RESERVOIR",2016,2016-09-05,2016-09-05,1,"0602PLY0107_C",42.5881,-75.651001
"0602PLY0107","PLYMOUTH RESERVOIR",2018,2018-05-17,2018-05-17,1,"0602PLY0107_C",42.5881,-75.651001
"0602SON0072","SONG LAKE",2013,2013-08-28,2013-10-12,3,"0602SON0072_C",42.772301,-76.146864
"0602SON0072","SONG LAKE",2014,2014-07-11,2014-10-10,4,"0602SON0072_NNW",42.772301,-76.146864
"0602SON0072","SONG LAKE",2015,2015-06-01,2015-10-05,4,"0602SON0072_NE, 0602SON0072_NNW, 0602SON0072_SSE",42.772301,-76.146864
"0602SON0072","SONG LAKE",2012,2012-06-11,2012-10-25,4,"0602SON0072_C",42.772301,-76.146864
"0602SON0072","SONG LAKE",2017,2017-06-02,2017-09-10,2,"0602SON0072_C",42.772301,-76.146864
"0602SON0072","SONG LAKE",2018,2018-06-17,2018-07-27,2,"0602SON0072_C",42.772301,-76.146864
"0602SON0072","SONG LAKE",2019,2019-06-16,2019-06-16,1,"0602SON0072_C",42.772301,-76.146864
"0602SON0072","SONG LAKE",2020,2020-05-26,2020-10-28,3,"0602SON0072_C",42.772301,-76.146864
"0602SON0072","SONG LAKE",2021,2021-06-04,2021-06-04,1,"0602SON0072_C",42.772301,-76.146864
"0602SON0072","SONG LAKE",2016,2016-09-21,2016-10-12,2,"0602SON0072_C, 0602SON0072_NNW",42.772301,-76.146864
"0602TRU5405","THUNDER LAKE",2019,2019-08-07,2019-08-07,1,"0602TRU5405_C",42.269001,-75.727997
"0602TRU5405","THUNDER LAKE",2021,2021-09-12,2021-09-12,1,"0602TRU5405_C",42.269001,-75.727997
"0602TRU5405","THUNDER LAKE",2020,2020-07-18,2020-07-18,1,"0602TRU5405_C",42.269001,-75.727997
"0602TUL0068","TULLY LAKE",2016,2016-09-16,2016-09-16,1,"0602TUL0068_C",42.776401,-76.1352
"0602UWB0109","NORWICH RESERVOIR E",2016,2016-10-20,2016-10-20,1,"0602UWB0109_C",42.549702,-75.486999
"0602UWB5503","YOGI AND BOO BOO'S CAMPGROUND POND",2022,2022-07-14,2022-07-14,1,"0602UWB5503_BEACH",42.397701,-76.064697
"0602UWB5503","YOGI AND BOO BOO'S CAMPGROUND POND",2021,2021-08-10,2021-08-10,1,"0602UWB5503_BEACH",42.397701,-76.064697
"0602UWBXXX4","UNNAMED WATER (HAMILTON)",2022,2022-07-29,2022-07-29,1,"0602UWBXXX4_C",42.83596399,-75.44066725
"0602WHI5358","WHITNEY POINT RESERVOIR",2018,2018-06-28,2018-06-28,1,"0602WHI5358_C",42.3661,-75.977203
"0602WHI5358","WHITNEY POINT RESERVOIR",2020,2020-09-25,2020-09-25,1,"0602WHI5358_C",42.3661,-75.977203
"0602WHI5358","WHITNEY POINT RESERVOIR",2021,2021-07-19,2021-07-19,1,"0602WHI5358_C",42.3661,-75.977203
"0602WHI5358","WHITNEY POINT RESERVOIR",2022,2022-07-20,2022-07-20,1,"0602WHI5358_C",42.3661,-75.977203
"0602WHI5358","WHITNEY POINT RESERVOIR",2019,2019-09-25,2019-09-25,1,"0602WHI5358_C",42.3661,-75.977203
"0603BOS0021","BOSKET LAKE",2019,2019-08-28,2019-08-28,1,"0603BOS0021_C",42.107101,-76.074501
"0603CAY0008","CAYUTA LAKE",2013,2013-08-26,2013-08-26,1,"0603CAY0008_C",42.367001,-76.735298
"0603CAY0008","CAYUTA LAKE",2016,2016-10-13,2016-10-13,1,"0603CAY0008_C",42.367001,-76.735298
"0603CAY0008","CAYUTA LAKE",2017,2017-08-18,2017-09-13,2,"0603CAY0008_C, 0603CAY0008_DECACC",42.367001,-76.735298
"0603CAY0008","CAYUTA LAKE",2012,2012-09-29,2012-09-29,1,"0603CAY0008_C",42.367001,-76.735298
"0603CAY0008","CAYUTA LAKE",2021,2021-08-05,2021-08-05,1,"0603CAY0008_DECACC",42.367001,-76.735298
"0603CAY0008","CAYUTA LAKE",2022,2022-10-07,2022-10-07,1,"0603CAY0008_C",42.367001,-76.735298
"0603CAY0008","CAYUTA LAKE",2020,2020-10-04,2020-10-04,1,"0603CAY0008_C",42.367001,-76.735298
"0603UWB5192","LAKESIDE CAMPGROUND LAKE",2019,2019-08-29,2019-08-29,1,"0603UWB5192_BEACH",42.018101,-75.683098
"0603UWB5221","PINE VALLEY CAMPGROUND LAKE",2018,2018-08-24,2018-08-24,1,"0603UWB5221_BEACH",42.145698,-76.087799
"0603UWBXXX1","UNNAMED POND CANDOR",2018,2018-08-02,2018-08-02,1,"0603UWBXXX1_C",42.297541,-76.412739
"07-ANTC-0.4","ANTHONYS CUT ERIE CANAL",2021,2021-10-10,2021-10-10,1,"07-ANTC-0.4",43.23820903,-76.19755635
"07-DUCH-0.1","DUTCH HOLLOW BROOK",2015,2015-09-18,2015-09-18,1,"07-DUCH-0.1",42.861907,-76.511026
"07-JHNC-0.1","CATHERINE CREEK WILDLIFE MANAGEMENT AREA",2020,2020-09-27,2020-10-01,2,"07-JHNC-0.1",42.3581432,-76.84194358
"07-ONID-1.0","ONEIDA RIVER",2013,2013-08-25,2013-08-25,1,"07-ONID-1.0",43.210484,-76.266313
"07-ONID-1.0","ONEIDA RIVER",2016,2016-08-30,2016-08-30,1,"07-ONID-1.0",43.210484,-76.266313
"07-ONID-1.0","ONEIDA RIVER",2012,2012-07-13,2012-07-13,1,"07-ONID-1.0",43.210484,-76.266313
"07-SEOS-53.0","SENECA RIVER",2015,2015-09-03,2015-09-03,1,"07-SEOS-53.0",42.909555,-76.799193
"0701NEA0009","LAKE NEATAHWANTA",2014,2014-07-09,2014-07-16,2,"0701NEA0009_C",43.308102,-76.437202
"0701NEA0009","LAKE NEATAHWANTA",2019,2019-02-05,2019-11-05,7,"0701NEA0009_PIER",43.308102,-76.437202
"0701NEA0009","LAKE NEATAHWANTA",2020,2020-06-02,2020-07-14,5,"0701NEA0009_PIER",43.308102,-76.437202
"0701NEA0009","LAKE NEATAHWANTA",2012,2012-06-28,2012-09-20,2,"0701NEA0009_C",43.308102,-76.437202
"0701NEA0009","LAKE NEATAHWANTA",2021,2021-06-08,2021-11-02,9,"0701NEA0009_PIER",43.308102,-76.437202
"0702HIA0156","HIAWATHA LAKE",2017,2017-06-27,2017-10-13,3,"0702HIA0156_C",43.025799,-76.168701
"0702ONO0154","ONONDAGA LAKE",2019,2019-07-12,2019-07-12,1,"0702ONO0154_C",43.0891,-76.210403
"0702OTI0175","OTISCO LAKE",2017,2017-07-01,2017-07-01,1,"0702OTI0175_C",42.8591,-76.279404
"0702OTI0175","OTISCO LAKE",2020,2020-11-08,2020-11-08,1,"0702OTI0175_C",42.8591,-76.279404
"0702OTI0175","OTISCO LAKE",2022,2022-10-30,2022-10-30,1,"0702OTI0175_C",42.8591,-76.279404
"0703CAZ0153","CAZENOVIA LAKE",2013,2013-08-13,2013-08-13,1,"0703CAZ0153_C",42.9482,-75.872002
"0703CAZ0153","CAZENOVIA LAKE",2014,2014-08-08,2014-09-29,4,"0703CAZ0153_C, 0703CAZ0153_NE, 0703CAZ0153_NNE, 0703CAZ0153_SSE",42.9482,-75.872002
"0703CAZ0153","CAZENOVIA LAKE",2018,2018-07-03,2018-07-03,1,"0703CAZ0153_C",42.9482,-75.872002
"0703CAZ0153","CAZENOVIA LAKE",2012,2012-10-12,2012-10-12,1,"0703CAZ0153_C",42.9482,-75.872002
"0703CAZ0153","CAZENOVIA LAKE",2021,2021-06-12,2021-06-12,1,"0703CAZ0153_C",42.9482,-75.872002
"0703DER0139A","DE RUYTER RESERVOIR",2018,2018-08-29,2018-09-10,2,"0703DER0139A_C",42.810699,-75.888603
"0703DER0139A","DE RUYTER RESERVOIR",2022,2022-06-15,2022-09-06,2,"0703DER0139A_C",42.810699,-75.888603
"0703JAM0144","JAMESVILLE RESERVOIR",2017,2017-08-17,2017-08-17,1,"0703JAM0144_C",42.973999,-76.069099
"0703JAM0144","JAMESVILLE RESERVOIR",2019,2019-07-08,2019-08-14,2,"0703JAM0144_BEACH, 0703JAM0144_C",42.973999,-76.069099
"0703JAM0144","JAMESVILLE RESERVOIR",2021,2021-06-23,2021-06-23,1,"0703JAM0144_C",42.973999,-76.069099
"0703JAM0144","JAMESVILLE RESERVOIR",2018,2018-06-22,2018-08-10,2,"0703JAM0144_C",42.973999,-76.069099
"0703ONE0026","ONEIDA LAKE",2013,2013-08-08,2013-10-29,3,"0703ONE0026_C",43.2033,-75.910004
"0703ONE0026","ONEIDA LAKE",2014,2014-08-20,2014-08-20,1,"0703ONE0026_C",43.2033,-75.910004
"0703ONE0026","ONEIDA LAKE",2018,2018-09-11,2018-09-11,1,"0703ONE0026_C",43.2033,-75.910004
"0703ONE0026","ONEIDA LAKE",2019,2019-07-20,2019-10-03,3,"0703ONE0026_C",43.2033,-75.910004
"0703ONE0026","ONEIDA LAKE",2020,2020-07-03,2020-07-29,2,"0703ONE0026_BEACH_5, 0703ONE0026_OPRBEACH",43.2033,-75.910004
"0703ONE0026","ONEIDA LAKE",2016,2016-07-24,2016-07-24,1,"0703ONE0026_VER",43.2033,-75.910004
"0703PLE0019","PLEASANT LAKE",2015,2015-08-30,2015-09-13,2,"0703PLE0019_C",43.235401,-76.222702
"0703PLE0019","PLEASANT LAKE",2012,2012-07-09,2012-07-09,1,"0703PLE0019_C",43.235401,-76.222702
"0703TUS0153A","TUSCARORA LAKE",2013,2013-06-21,2013-06-21,1,"0703TUS0153A_C",42.866501,-75.758598
"0704CAN0286","CANANDAIGUA LAKE",2017,2017-09-25,2017-09-25,1,"0704CAN0286_C",42.778,-77.3051
"0704CAN0286","CANANDAIGUA LAKE",2019,2019-08-24,2019-09-28,3,"0704CAN0286_3602, 0704CAN0286_3628, 0704CAN0286_C",42.778,-77.3051
"0704CAN0286","CANANDAIGUA LAKE",2020,2020-09-04,2020-10-09,4,"0704CAN0286_3605, 0704CAN0286_3622, 0704CAN0286_BEACH_1",42.778,-77.3051
"0704CAN0286","CANANDAIGUA LAKE",2021,2021-09-19,2021-10-01,4,"0704CAN0286_3605, 0704CAN0286_3638, 0704CAN0286_3668",42.778,-77.3051
"0704CAN0286","CANANDAIGUA LAKE",2022,2022-09-10,2022-09-10,1,"0704CAN0286_3638",42.778,-77.3051
"0704CAN0286","CANANDAIGUA LAKE",2018,2018-09-06,2018-09-23,4,"0704CAN0286_3605, 0704CAN0286_3606, 0704CAN0286_3615, 0704CAN0286_3616",42.778,-77.3051
"0704FAI0263A","FAIRPORT RESERVOIR",2022,2022-06-23,2022-06-23,1,"0704FAI0263A_C",42.9374,-77.4378
"0704MUA5702","MUAR LAKES",2015,2015-09-17,2015-09-17,1,"0704MUA5702_C",42.88,-77.2629
"0705CAY0296","CAYUGA LAKE",2014,2014-08-06,2014-08-06,1,"0705CAY0296_C",42.6883,-76.7021
"0705CAY0296","CAYUGA LAKE",2017,2017-07-16,2017-08-15,5,"0705CAY0296_BEACH_1, 0705CAY0296_BEACH_8, 0705CAY0296_C",42.6883,-76.7021
"0705CAY0296","CAYUGA LAKE",2019,2019-07-13,2019-07-17,2,"0705CAY0296_3407, 0705CAY0296_C",42.6883,-76.7021
"0705CAY0296","CAYUGA LAKE",2020,2020-08-26,2020-09-26,4,"0705CAY0296_3402, 0705CAY0296_3443, 0705CAY0296_3454, 0705CAY0296_3458",42.6883,-76.7021
"0705CAY0296","CAYUGA LAKE",2021,2021-07-15,2021-07-17,3,"0705CAY0296_3406, 0705CAY0296_3436, 0705CAY0296_3477",42.6883,-76.7021
"0705CAY0296","CAYUGA LAKE",2018,2018-07-04,2018-07-26,3,"0705CAY0296_3404, 0705CAY0296_3409, 0705CAY0296_3416",42.6883,-76.7021
"0705CAY0296","CAYUGA LAKE",2022,2022-07-02,2022-09-22,3,"0705CAY0296_3458, 0705CAY0296_3473, 0705CAY0296_3474",42.6883,-76.7021
"0705COM0333","LAKE COMO",2016,2016-07-11,2016-07-11,1,"0705COM0333_W",42.6772,-76.3025
"0705COM0333","LAKE COMO",2020,2020-09-23,2020-09-23,1,"0705COM0333_C",42.6772,-76.3025
"0705COM0333","LAKE COMO",2015,2015-08-06,2015-08-06,1,"0705COM0333_W",42.6772,-76.3025
"0705DRY0318","DRYDEN LAKE",2017,2017-06-28,2017-06-28,1,"0705DRY0318_C",42.462,-76.2726
"0705DRY0318","DRYDEN LAKE",2018,2018-09-08,2018-09-08,1,"0705DRY0318_C",42.462,-76.2726
"0705KEU0388","KEUKA LAKE",2019,2019-09-06,2019-10-30,5,"0705KEU0388_C",42.4934,-77.1395
"0705KEU0388","KEUKA LAKE",2020,2020-09-19,2020-09-19,1,"0705KEU0388_3712",42.4934,-77.1395
"0705KEU0388","KEUKA LAKE",2021,2021-11-09,2021-11-09,1,"0705KEU0388_C",42.4934,-77.1395
"0705KEU0388","KEUKA LAKE",2018,2018-08-31,2018-08-31,1,"0705KEU0388_C",42.4934,-77.1395
"0705PRIXXX2","UNNAMED POND KEUKA PARK",2017,2017-08-11,2017-08-11,1,"0705PRIXXX2_C",42.53718,-77.13185
"0705SEN0369","SENECA LAKE",2015,2015-08-27,2015-10-07,2,"0705SEN0369_C",42.66927,-76.89647
"0705SEN0369","SENECA LAKE",2016,2016-08-31,2016-08-31,1,"0705SEN0369_3012",42.66927,-76.89647
"0705SEN0369","SENECA LAKE",2017,2017-09-15,2017-09-24,4,"0705SEN0369_3002, 0705SEN0369_3004, 0705SEN0369_3008, 0705SEN0369_3057",42.66927,-76.89647
"0705SEN0369","SENECA LAKE",2020,2020-10-05,2020-10-05,1,"0705SEN0369_3006",42.66927,-76.89647
"0705SEN0369","SENECA LAKE",2019,2019-09-23,2019-09-23,1,"0705SEN0369_3052",42.66927,-76.89647
"0705UWB5898","THE LINDSAY-PARSONS BIODIVERSITY PRESERVE LAKES(S)",2020,2020-10-17,2020-10-17,1,"0705UWB5898_C",42.3091,-76.5178
"0706OWA0212","OWASCO LAKE",2014,2014-09-25,2014-10-12,2,"0706OWA0212_C",42.8738,-76.5282
"0706OWA0212","OWASCO LAKE",2015,2015-07-09,2015-10-04,3,"0706OWA0212_C",42.8738,-76.5282
"0706OWA0212","OWASCO LAKE",2017,2017-07-28,2017-09-29,2,"0706OWA0212_3105, 0706OWA0212_3106",42.8738,-76.5282
"0706OWA0212","OWASCO LAKE",2020,2020-09-24,2020-09-24,1,"0706OWA0212_3114",42.8738,-76.5282
"0706OWA0212","OWASCO LAKE",2022,2022-08-09,2022-10-28,3,"0706OWA0212_3124, 0706OWA0212_C",42.8738,-76.5282
"0706OWA0212","OWASCO LAKE",2016,2016-07-29,2016-10-03,3,"0706OWA0212_3101, 0706OWA0212_3104, 0706OWA0212_C",42.8738,-76.5282
"0707SKA0193","SKANEATELES LAKE",2021,2021-08-11,2021-09-15,2,"0707SKA0193_3524, 0707SKA0193_C",42.8451,-76.3503
"0707SKA0193","SKANEATELES LAKE",2019,2019-09-22,2019-09-22,1,"0707SKA0193_3525",42.8451,-76.3503
"0707UWBXXX1","UNNAMED POND SPAFFORD",2017,2017-11-17,2017-11-17,1,"0707UWBXXX1_C",42.89324,-76.35567
"0801BEA0449","BEAVER LAKE",2019,2019-06-20,2019-06-20,1,"0801BEA0449_BEACH_1",43.8732,-75.1581
"0801OTT0926","OTTER LAKE",2018,2018-09-01,2018-09-01,1,"0801OTT0926_C",43.5921,-75.1146
"0801SEV0787A","SEVENTH LAKE",2017,2017-08-30,2017-08-30,1,"0801SEV0787A_C",43.7462,-74.7519
"0902EAG0083","EAGLE POND",2012,2012-06-12,2012-06-29,2,"0902EAG0083_C",44.669,-74.2738
"0902EAG0083","EAGLE POND",2016,2016-07-17,2016-07-17,1,"0902EAG0083_C",44.669,-74.2738
"0902EAG0083","EAGLE POND",2017,2017-05-28,2017-09-03,3,"0902EAG0083_C",44.669,-74.2738
"0902EAG0083","EAGLE POND",2018,2018-05-27,2018-05-27,1,"0902EAG0083_C",44.669,-74.2738
"0902MEA0179A","MEACHAM LAKE",2019,2019-09-19,2019-09-19,1,"0902MEA0179A_C",44.5621,-74.2863
"0903LWO0095","LITTLE WOLF POND",2020,2020-11-06,2020-11-06,1,"0903LWO0095_C",44.2534,-74.4792
"0903RAQ0293","RAQUETTE LAKE",2022,2022-10-15,2022-10-15,1,"0903RAQ0293_C",43.8396,-74.6376
"0904SIL0351","SILVER LAKE",2012,2012-09-16,2012-09-16,1,"0904SIL0351_C",44.2269,-74.8266
"0905MOO0071","MOON LAKE",2015,2015-07-22,2015-07-22,1,"0905MOO0071_C",44.2543,-75.7324
"0905MOO0071","MOON LAKE",2016,2016-06-23,2016-10-10,2,"0905MOO0071_C, 0905MOO0071_DH",44.2543,-75.7324
"0906BLA0001","BLACK LAKE",2012,2012-07-17,2012-07-17,1,"0906BLA0001_C",44.538,-75.5688
"0906BLA0001","BLACK LAKE",2017,2017-08-29,2017-08-29,1,"0906BLA0001_C",44.538,-75.5688
"0906BLA0001","BLACK LAKE",2019,2019-08-22,2019-08-22,1,"0906BLA0001_BEACH_1",44.538,-75.5688
"0906BLA0001","BLACK LAKE",2020,2020-07-01,2020-07-01,1,"0906BLA0001_C",44.538,-75.5688
"0906BLA0001","BLACK LAKE",2021,2021-06-17,2021-07-22,2,"0906BLA0001_C",44.538,-75.5688
"0906BLA0001","BLACK LAKE",2014,2014-07-29,2014-07-29,1,"0906BLA0001_S",44.538,-75.5688
"0906BUT0054","BUTTERFIELD LAKE",2013,2013-06-13,2013-08-18,5,"0906BUT0054_C",44.3165,-75.7752
"0906BUT0054","BUTTERFIELD LAKE",2014,2014-12-10,2014-12-10,1,"0906BUT0054_C",44.3165,-75.7752
"0906GRA0051","GRASS LAKE",2013,2013-09-10,2013-09-25,2,"0906GRA0051_C",44.34,-75.7152
"0906RED0010","RED LAKE",2021,2021-04-14,2021-04-14,1,"0906RED0010_C",44.2685,-75.7363
"0906SIX0056","SIXBERRY LAKE",2015,2015-08-02,2015-08-02,1,"0906SIX0056_C",44.2798,-75.775
"0906SIX0056","SIXBERRY LAKE",2018,2018-07-02,2018-07-02,1,"0906SIX0056_C",44.2798,-75.775
"0906UWB5014","BOYD LAKE",2014,2014-08-10,2014-09-20,3,"0906UWB5014_C",44.3094,-75.7397
"1000CHA0001","LAKE CHAMPLAIN",2014,2014-08-19,2014-08-19,1,"1000CHA0001_BEACH_1",44.57794,-73.38544
"1000CHA0001","LAKE CHAMPLAIN",2016,2016-07-04,2016-07-14,3,"1000CHA0001_BEACH_2, 1000CHA0001_C",44.57794,-73.38544
"1000CHA0001","LAKE CHAMPLAIN",2017,2017-07-10,2017-07-15,2,"1000CHA0001_PAR",44.57794,-73.38544
"1000CHA0001","LAKE CHAMPLAIN",2019,2019-09-12,2019-10-05,2,"1000CHA0001_C, 1000CHA0001_OPRBEACH_2",44.57794,-73.38544
"1000CHA0001","LAKE CHAMPLAIN",2018,2018-07-13,2018-07-19,2,"1000CHA0001_BEACH_10, 1000CHA0001_OPRBEACH_2",44.57794,-73.38544
"1003COP0139","COPPERAS POND",2022,2022-08-11,2022-08-11,1,"1003COP0139_C",44.314,-74.3762
"1003FRA5095","FRANKLIN FALLS POND",2018,2018-09-22,2018-09-22,1,"1003FRA5095_C",44.4132,-74.0007
"1003WHE0180","WHEY POND",2022,2022-09-05,2022-09-05,1,"1003WHE0180_C",44.3078,-74.3924
"1004MIR0250","MIRROR LAKE",2022,2022-10-31,2022-11-15,2,"1004MIR0250_C",44.289,-73.9821
"1004PLA0254","LAKE PLACID",2015,2015-07-10,2015-08-13,3,"1004PLA0254_C",44.3252,-73.9592
"1005GLE0441","GLEN LAKE",2017,2017-06-12,2017-06-12,1,"1005GLE0441_SW_END",43.3636,-73.6732
"1005GLE0441","GLEN LAKE",2021,2021-09-10,2021-09-10,1,"1005GLE0441_C",43.3636,-73.6732
"1005HAD0432","HADLOCK POND ",2017,2017-07-21,2017-07-21,1,"1005HAD0432_C",43.4237,-73.572
"1005ROU0443","ROUND POND",2021,2021-11-19,2021-11-19,1,"1005ROU0443_C",43.3525,-73.6765
"1005SUN0440","LAKE SUNNYSIDE",2012,2012-07-15,2012-07-23,2,"1005SUN0440_C",43.3753,-73.6397
"1005SUN0440","LAKE SUNNYSIDE",2013,2013-06-29,2013-06-29,1,"1005SUN0440_C",43.3753,-73.6397
"1006GEO0367","LAKE GEORGE",2021,2021-11-08,2021-11-11,3,"1006GEO0367_BB_04, 1006GEO0367_DI_02",43.6539,-73.4988
"1006GEO0367","LAKE GEORGE",2022,2022-10-26,2022-10-26,1,"1006GEO0367_C",43.6539,-73.4988
"1006GEO0367","LAKE GEORGE",2020,2020-11-07,2020-11-15,2,"1006GEO0367_HB_03",43.6539,-73.4988
"1101BAL1090","BALLSTON LAKE",2013,2013-07-07,2013-07-21,2,"1101BAL1090_MAIN, 1101BAL1090_SEC",42.9388,-73.8578
"1101BAL1090","BALLSTON LAKE",2017,2017-07-17,2017-07-17,1,"1101BAL1090_E",42.9388,-73.8578
"1101MOR0101","MOREAU LAKE",2018,2018-09-19,2018-09-19,1,"1101MOR0101_C",43.2313,-73.7119
"1101ROU1089","ROUND LAKE",2017,2017-07-20,2017-10-22,3,"1101ROU1089_BL, 1101ROU1089_C",42.934,-73.7829
"1101SAR0027","SARATOGA LAKE",2013,2013-09-11,2013-09-11,1,"1101SAR0027_C",43.0167,-73.7415
"1101SAR0027","SARATOGA LAKE",2015,2015-07-16,2015-07-16,1,"1101SAR0027_SE",43.0167,-73.7415
"1101SAR0027","SARATOGA LAKE",2022,2022-07-16,2022-07-16,1,"1101SAR0027_C",43.0167,-73.7415
"1101SAR0027","SARATOGA LAKE",2018,2018-09-26,2018-10-10,3,"1101SAR0027_C, 1101SAR0027_LAUNCH",43.0167,-73.7415
"1102DEA1122A","DEAD LAKE",2018,2018-10-14,2018-10-14,1,"1102DEA1122A_C",43.0981,-73.3789
"1102DEA1122A","DEAD LAKE",2019,2019-10-12,2019-10-12,1,"1102DEA1122A_C",43.0981,-73.3789
"1102DEA1122A","DEAD LAKE",2022,2022-08-30,2022-08-30,1,"1102DEA1122A_C",43.0981,-73.3789
"1102DEA1122A","DEAD LAKE",2020,2020-04-05,2020-11-20,3,"1102DEA1122A_C",43.0981,-73.3789
"1102TAC1129","TACONIC LAKE",2014,2014-08-31,2014-08-31,1,"1102TAC1129_C",42.7355,-73.4127
"1102TOM1095","TOMHANNOCK RESERVOIR",2013,2013-10-05,2013-10-22,2,"1102TOM1095_C",42.8574,-73.5682
"1102TOM1095","TOMHANNOCK RESERVOIR",2017,2017-11-04,2017-11-04,1,"1102TOM1095_C",42.8574,-73.5682
"1102TOM1095","TOMHANNOCK RESERVOIR",2021,2021-10-09,2021-10-09,1,"1102TOM1095_C",42.8574,-73.5682
"1103COS0079","COSSAYUNA LAKE",2014,2014-10-08,2014-10-08,1,"1103COS0079_C",43.2006,-73.4234
"1103COS0079","COSSAYUNA LAKE",2017,2017-10-06,2017-10-06,1,"1103COS0079_C",43.2006,-73.4234
"1103COS0079","COSSAYUNA LAKE",2020,2020-09-16,2020-09-16,1,"1103COS0079_C",43.2006,-73.4234
"1103COS0079","COSSAYUNA LAKE",2013,2013-09-03,2013-10-09,4,"1103COS0079_C",43.2006,-73.4234
"1103HED0089","HEDGES LAKE",2020,2020-10-19,2020-10-19,1,"1103HED0089_C",43.1074,-73.3829
"1103SUM0080","SUMMIT LAKE",2016,2016-11-15,2016-11-15,1,"1103SUM0080_C",43.2102,-73.4632
"1103SUM0080","SUMMIT LAKE",2019,2019-10-25,2019-10-25,1,"1103SUM0080_C",43.2102,-73.4632
"1104FRI0365","FRIENDS LAKE",2021,2021-09-11,2021-09-11,1,"1104FRI0365_C",43.6259,-73.844
"1104IND0597","INDIAN LAKE",2020,2020-10-25,2020-10-25,1,"1104IND0597_C",43.6857,-74.3299
"1104LOO0367","LOON LAKE",2021,2021-10-28,2021-10-28,1,"1104LOO0367_C",43.6802,-73.8603
"1201ECA0697","EAST CAROGA LAKE",2015,2015-10-26,2015-10-26,1,"1201ECA0697_C",43.1278,-74.48
"1201MAR0570","MARIAVILLE LAKE",2017,2017-06-18,2017-10-18,2,"1201MAR0570_NW",42.8337,-74.1119
"1201PLE0745","PLEASANT LAKE",2016,2016-07-06,2016-07-06,1,"1201PLE0745_C",43.1884,-74.5998
"1201UWB0525","IROQUOIS LAKE",2020,2020-10-08,2020-10-15,2,"1201UWB0525_N",42.8,-73.9123
"1202MAL0615A","MALLET POND",2015,2015-08-04,2015-08-04,1,"1202MAL0615A_C",42.5869,-74.5206
"1202WAR0609","WARNERS LAKE",2015,2015-07-07,2015-07-07,1,"1202WAR0609_C",42.6251,-74.0791
"1202WAR0609","WARNERS LAKE",2016,2016-06-19,2016-06-22,2,"1202WAR0609_C",42.6251,-74.0791
"13-ESOP-7.5","LOWER ESOPUS CREEK",2017,2017-09-28,2017-09-28,1,"13-ESOP-7.5",41.99525,-73.99758
"13-ROND-0.1","RONDOUT CREEK",2016,2016-09-26,2016-09-26,1,"13-ROND-0.1",41.88506,-74.02997
"13-WALK-11.6","WALLKILL RIVER",2015,2015-06-08,2015-06-08,1,"13-WALK-11.6",41.74387,-74.09345
"13-WALK-11.6","WALLKILL RIVER",2016,2016-08-24,2016-08-24,1,"13-WALK-11.6",41.74387,-74.09345
"13-WALK-2.1","WALLKILL RIVER",2022,2022-10-01,2022-10-01,1,"13-WALK-2.1",41.8253,-74.0472
"1301ALC0185","ALCOVE RESERVOIR",2022,2022-11-01,2022-11-01,1,"1301ALC0185_C",42.47783,-73.93925
"1301ALC0185","ALCOVE RESERVOIR",2018,2018-10-11,2018-10-11,1,"1301ALC0185_C",42.47783,-73.93925
"1301BAR0181","BARGER POND",2016,2016-08-05,2016-08-05,1,"1301BAR0181_BEACH",41.3595,-73.8127
"1301BAR0181","BARGER POND",2019,2019-06-01,2019-10-14,5,"1301BAR0181_C",41.3595,-73.8127
"1301BAR0181","BARGER POND",2021,2021-06-13,2021-06-26,2,"1301BAR0181_C",41.3595,-73.8127
"1301BOY0159A","LAKE BOYCE",2015,2015-07-14,2015-07-14,1,"1301BOY0159A_C",41.2475,-74.0034
"1301BRO0193A","BROOKS LAKE",2017,2017-09-07,2017-09-07,1,"1301BRO0193A_C",41.3303,-73.9947
"1301BUC0303","BUCKINGHAM LAKE",2012,2012-07-14,2012-07-28,2,"1301BUC0303_C",42.6635,-73.8071
"1301BUC0303","BUCKINGHAM LAKE",2014,2014-07-13,2014-07-13,1,"1301BUC0303_C",42.6635,-73.8071
"1301BUC0303","BUCKINGHAM LAKE",2013,2013-06-15,2013-07-27,3,"1301BUC0303_C",42.6635,-73.8071
"1301BUR0386C","BURDEN THIRD LAKE",2013,2013-09-29,2013-09-29,1,"1301BUR0386C_C",42.5947,-73.5614
"1301BUR0386C","BURDEN THIRD LAKE",2017,2017-06-13,2017-06-13,1,"1301BUR0386C_C",42.5947,-73.5614
"1301CHO0437","CHODIKEE LAKE",2020,2020-06-28,2020-06-28,1,"1301CHO0437_C",41.7727,-73.9838
"1301CHO0437","CHODIKEE LAKE",2015,2015-06-22,2015-06-22,1,"1301CHO0437_C",41.7727,-73.9838
"1301HAM0297","HAMPTON MANOR POND",2017,2017-10-03,2017-10-03,1,"1301HAM0297_C",42.617,-73.7264
"1301HAR1036","HARLEM MEER",2014,2014-09-17,2014-10-03,2,"1301HAR1036_C",40.7961,-73.9512
"1301HAR1036","HARLEM MEER",2015,2015-08-20,2015-10-21,3,"1301HAR1036_C",40.7961,-73.9512
"1301HAR1036","HARLEM MEER",2016,2016-07-20,2016-10-19,3,"1301HAR1036_C, 1301HAR1036_NW, 1301HAR1036_S",40.7961,-73.9512
"1301HAR1036","HARLEM MEER",2018,2018-06-11,2018-06-11,1,"1301HAR1036_NE",40.7961,-73.9512
"1301HAR1036","HARLEM MEER",2019,2019-06-24,2019-06-24,1,"1301HAR1036_C",40.7961,-73.9512
"1301HAR1036","HARLEM MEER",2020,2020-05-29,2020-07-17,4,"1301HAR1036_C",40.7961,-73.9512
"1301HAR1036","HARLEM MEER",2017,2017-10-16,2017-10-23,2,"1301HAR1036_NE, 1301HAR1036_NW",40.7961,-73.9512
"1301HAR1036","HARLEM MEER",2022,2022-09-19,2022-09-19,1,"1301HAR1036_C",40.7961,-73.9512
"1301HAR1036","HARLEM MEER",2021,2021-06-14,2021-06-14,1,"1301HAR1036_C",40.7961,-73.9512
"1301IND0167","INDIAN LAKE",2018,2018-06-23,2018-06-23,1,"1301IND0167_C",41.3731,-73.8877
"1301LAW0207","LAWSON LAKE",2013,2013-08-20,2013-08-20,1,"1301LAW0207_C",42.5391,-73.9599
"1301LAW0207","LAWSON LAKE",2015,2015-07-21,2015-07-21,1,"1301LAW0207_SSW",42.5391,-73.9599
"1301LAW0207","LAWSON LAKE",2016,2016-09-30,2016-09-30,1,"1301LAW0207_C",42.5391,-73.9599
"1301LAW0207","LAWSON LAKE",2022,2022-08-03,2022-08-03,1,"1301LAW0207_C",42.5391,-73.9599
"1301LAW0207","LAWSON LAKE",2014,2014-10-02,2014-10-02,1,"1301LAW0207_SW",42.5391,-73.9599
"1301LON0428","LONG POND",2022,2022-09-11,2022-09-11,1,"1301LON0428_OPRBEACH",42.7921,-73.4387
"1301MOH0179","LAKE MOHEGAN",2013,2013-09-15,2013-09-15,1,"1301MOH0179_C",41.314,-73.8488
"1301MOH0179","LAKE MOHEGAN",2014,2014-09-16,2014-10-14,3,"1301MOH0179_C",41.314,-73.8488
"1301MOH0179","LAKE MOHEGAN",2017,2017-07-25,2017-07-25,1,"1301MOH0179_C",41.314,-73.8488
"1301MOH0179","LAKE MOHEGAN",2012,2012-09-23,2012-09-23,1,"1301MOH0179_C",41.314,-73.8488
"1301MOH0179","LAKE MOHEGAN",2019,2019-06-09,2019-06-09,1,"1301MOH0179_C",41.314,-73.8488
"1301MOH0179","LAKE MOHEGAN",2020,2020-06-13,2020-06-13,1,"1301MOH0179_BEACH_1",41.314,-73.8488
"1301MOH0179","LAKE MOHEGAN",2021,2021-09-06,2021-09-21,2,"1301MOH0179_C",41.314,-73.8488
"1301MOH0179","LAKE MOHEGAN",2018,2018-08-08,2018-08-08,1,"1301MOH0179_C",41.314,-73.8488
"1301MOH0179","LAKE MOHEGAN",2022,2022-06-19,2022-07-05,2,"1301MOH0179_BEACH_1, 1301MOH0179_C",41.314,-73.8488
"1301MORXXX1","MORNINGSIDE POND",2018,2018-06-18,2018-10-16,2,"1301MORXXX1_C",40.80376,-73.95894
"1301MORXXX1","MORNINGSIDE POND",2019,2019-06-25,2019-06-25,1,"1301MORXXX1_C",40.80376,-73.95894
"1301MORXXX1","MORNINGSIDE POND",2021,2021-10-20,2021-10-30,2,"1301MORXXX1_C",40.80376,-73.95894
"1301MORXXX1","MORNINGSIDE POND",2017,2017-06-21,2017-06-21,1,"1301MORXXX1_C",40.80376,-73.95894
"1301MORXXX1","MORNINGSIDE POND",2022,2022-04-11,2022-06-17,2,"1301MORXXX1_C",40.80376,-73.95894
"1301OLA0963","OLANA POND",2014,2014-08-05,2014-08-05,1,"1301OLA0963_C",42.2118,-73.8314
"1301ORA0340","ORANGE LAKE",2013,2013-09-08,2013-09-08,1,"1301ORA0340_C",41.5488,-74.1037
"1301ORA0340","ORANGE LAKE",2014,2014-06-06,2014-07-17,3,"1301ORA0340_C, 1301ORA0340_SSE",41.5488,-74.1037
"1301ORA0340","ORANGE LAKE",2017,2017-05-24,2017-12-03,3,"1301ORA0340_C",41.5488,-74.1037
"1301ORA0340","ORANGE LAKE",2018,2018-06-06,2018-08-01,2,"1301ORA0340_C, 1301ORA0340_SSE",41.5488,-74.1037
"1301ORA0340","ORANGE LAKE",2020,2020-09-11,2020-09-11,1,"1301ORA0340_C",41.5488,-74.1037
"1301ORA0340","ORANGE LAKE",2015,2015-05-29,2015-05-29,1,"1301ORA0340_SSE",41.5488,-74.1037
"1301OSC0175","OSCAWANA LAKE",2021,2021-07-14,2021-12-01,2,"1301OSC0175_BEACH_3, 1301OSC0175_C",41.396,-73.8488
"1301PEE0171","LAKE PEEKSKILL",2014,2014-10-21,2014-10-21,1,"1301PEE0171_C",41.3395,-73.8828
"1301PEE0171","LAKE PEEKSKILL",2018,2018-06-30,2018-08-03,2,"1301PEE0171_BEACH_1",41.3395,-73.8828
"1301PEE0171","LAKE PEEKSKILL",2021,2021-10-03,2021-10-03,1,"1301PEE0171_C",41.3395,-73.8828
"1301PEE0171","LAKE PEEKSKILL",2022,2022-06-26,2022-06-26,1,"1301PEE0171_BEACH_2",41.3395,-73.8828
"1301PEE0171","LAKE PEEKSKILL",2012,2012-10-10,2012-10-10,1,"1301PEE0171_C",41.3395,-73.8828
"1301ROA0183B","ROARING BROOK LAKE",2012,2012-07-30,2012-07-30,1,"1301ROA0183B_C",41.4388,-73.8075
"1301ROA0183B","ROARING BROOK LAKE",2016,2016-06-26,2016-06-26,1,"1301ROA0183B_C",41.4388,-73.8075
"1301ROA0183B","ROARING BROOK LAKE",2017,2017-06-04,2017-06-04,1,"1301ROA0183B_NSPUR",41.4388,-73.8075
"1301ROA0183B","ROARING BROOK LAKE",2018,2018-05-20,2018-05-20,1,"1301ROA0183B_N",41.4388,-73.8075
"1301ROA0183B","ROARING BROOK LAKE",2015,2015-06-07,2015-07-06,2,"1301ROA0183B_BEACH_3, 1301ROA0183B_NSPUR",41.4388,-73.8075
"1301ROA0183B","ROARING BROOK LAKE",2020,2020-05-22,2020-06-12,3,"1301ROA0183B_BEACH_1, 1301ROA0183B_C",41.4388,-73.8075
"1301ROA0183B","ROARING BROOK LAKE",2021,2021-11-05,2021-11-05,1,"1301ROA0183B_C",41.4388,-73.8075
"1301ROA0183B","ROARING BROOK LAKE",2022,2022-05-21,2022-10-22,3,"1301ROA0183B_C",41.4388,-73.8075
"1301ROA0183B","ROARING BROOK LAKE",2019,2019-05-30,2019-05-30,1,"1301ROA0183B_C",41.4388,-73.8075
"1301SIL0184C","SILVER MINE LAKE",2020,2020-10-24,2020-10-24,1,"1301SIL0184C_C",41.2904,-74.0549
"1301SLE6666","SLEEPY HOLLOW LAKE",2018,2018-08-22,2018-10-24,2,"1301SLE6666_C",42.2944,-73.8069
"1301SLE6666","SLEEPY HOLLOW LAKE",2013,2013-06-18,2013-06-18,1,"1301SLE6666_C",42.2944,-73.8069
"1301SNY0377","SNYDERS LAKE",2012,2012-10-02,2012-10-17,2,"1301SNY0377_C",42.6631,-73.6347
"1301SNY0377","SNYDERS LAKE",2014,2014-07-24,2014-07-24,1,"1301SNY0377_C",42.6631,-73.6347
"1301SNY0377","SNYDERS LAKE",2020,2020-11-10,2020-11-10,1,"1301SNY0377_C",42.6631,-73.6347
"1301SNY0377","SNYDERS LAKE",2017,2017-11-14,2017-11-14,1,"1301SNY0377_C",42.6631,-73.6347
"1301TAR0015A","TARRYTOWN RESERVOIR",2013,2013-10-17,2013-10-17,1,"1301TAR0015A_C",41.0824,-73.842
"1301THE1029","THE LAKE IN CENTRAL PARK",2013,2013-07-30,2013-07-30,1,"1301THE1029_C",40.7765,-73.9726
"1301THE1029","THE LAKE IN CENTRAL PARK",2015,2015-06-03,2015-09-30,7,"1301THE1029_BET, 1301THE1029_BHD, 1301THE1029_C, 1301THE1029_HER",40.7765,-73.9726
"1301THE1029","THE LAKE IN CENTRAL PARK",2016,2016-11-27,2016-11-27,1,"1301THE1029_LP",40.7765,-73.9726
"1301THE1029","THE LAKE IN CENTRAL PARK",2017,2017-06-06,2017-11-07,3,"1301THE1029_BET, 1301THE1029_C",40.7765,-73.9726
"1301THE1029","THE LAKE IN CENTRAL PARK",2014,2014-08-14,2014-08-14,1,"1301THE1029_C",40.7765,-73.9726
"1301THE1029","THE LAKE IN CENTRAL PARK",2020,2020-10-02,2020-10-14,2,"1301THE1029_C",40.7765,-73.9726
"1301THE1029","THE LAKE IN CENTRAL PARK",2021,2021-08-02,2021-10-25,3,"1301THE1029_C",40.7765,-73.9726
"1301THE1029","THE LAKE IN CENTRAL PARK",2022,2022-05-26,2022-10-20,7,"1301THE1029_C",40.7765,-73.9726
"1301THE1029","THE LAKE IN CENTRAL PARK",2019,2019-05-20,2019-06-10,4,"1301THE1029_C",40.7765,-73.9726
"1301TIV0309","TIVOLI LAKE",2022,2022-09-01,2022-09-15,2,"1301TIV0309_C",42.6703,-73.7615
"1301UWB0420B","FALL KILL POND",2016,2016-10-25,2016-10-25,1,"1301UWB0420B_C",41.7412,-73.8974
"1301UWB1031","TURTLE POND",2021,2021-09-24,2021-09-24,1,"1301UWB1031_C",40.7793,-73.9674
"1301WAS0302","WASHINGTON PARK POND",2013,2013-10-21,2013-10-21,1,"1301WAS0302_C",42.6571,-73.7733
"1301WAS0302","WASHINGTON PARK POND",2018,2018-06-26,2018-06-26,1,"1301WAS0302_C",42.6571,-73.7733
"1302BAR0071","BARRETT POND",2018,2018-07-28,2018-07-28,1,"1302BAR0071_C",41.4344,-73.7406
"1302BLU0122A","BLUE HERON LAKE",2014,2014-06-01,2014-06-13,2,"1302BLU0122A_C",41.1916,-73.5922
"1302CAR0062A","LAKE CARMEL",2016,2016-07-07,2016-08-20,2,"1302CAR0062A_S",41.4585,-73.665
"1302CAR0062A","LAKE CARMEL",2017,2017-07-03,2017-07-03,1,"1302CAR0062A_C",41.4585,-73.665
"1302CAR0062A","LAKE CARMEL",2021,2021-07-04,2021-07-04,1,"1302CAR0062A_C",41.4585,-73.665
"1302CAR0062A","LAKE CARMEL",2018,2018-06-29,2018-06-29,1,"1302CAR0062A_BEACH_7",41.4585,-73.665
"1302CAS0059B","LAKE CASSE",2018,2018-06-08,2018-06-08,1,"1302CAS0059B_BEACH",41.3863,-73.71
"1302CRO0059","CROTON FALLS RESERVOIR",2019,2019-10-20,2019-10-20,1,"1302CRO0059_C",41.3781,-73.6547
"1302DEN0089J","DENTON LAKE",2020,2020-06-14,2020-06-14,1,"1302DEN0089J_BEACH",41.5215,-73.6541
"1302HOW0127","BEDFORD LAKE",2012,2012-07-22,2012-07-22,1,"1302HOW0127_C",41.1948,-73.7037
"1302HOW0127","BEDFORD LAKE",2016,2016-07-10,2016-10-01,3,"1302HOW0127_C",41.1948,-73.7037
"1302KAT0107A","LAKE KATONAH",2013,2013-08-10,2013-10-20,2,"1302KAT0107A_C",41.2853,-73.655
"1302KAT0107A","LAKE KATONAH",2014,2014-10-25,2014-10-25,1,"1302KAT0107A_C",41.2853,-73.655
"1302KIR0052","KIRK LAKE",2014,2014-03-10,2014-03-10,1,"1302KIR0052_C",41.3856,-73.7498
"1302KIR0052","KIRK LAKE",2017,2017-07-22,2017-07-22,1,"1302KIR0052_SSW",41.3856,-73.7498
"1302KIR0052","KIRK LAKE",2016,2016-08-06,2016-08-06,1,"1302KIR0052_C",41.3856,-73.7498
"1302LIN0057A","LAKE LINCOLNDALE",2014,2014-06-14,2014-06-28,2,"1302LIN0057A_C",41.342,-73.7254
"1302LIN0057A","LAKE LINCOLNDALE",2015,2015-06-29,2015-06-29,1,"1302LIN0057A_C",41.342,-73.7254
"1302LIN0057A","LAKE LINCOLNDALE",2019,2019-08-08,2019-08-08,1,"1302LIN0057A_BEACH",41.342,-73.7254
"1302NEW0044","NEW CROTON RESERVOIR",2018,2018-07-06,2018-07-06,1,"1302NEW0044_C",41.2388,-73.822
"1302OSC0118","LAKE OSCALETA",2016,2016-06-25,2016-06-25,1,"1302OSC0118_C",41.2965,-73.5614
"1302PEA0093","PEACH LAKE",2013,2013-08-16,2013-08-16,1,"1302PEA0093_C",41.363,-73.58
"1302PEA0093","PEACH LAKE",2016,2016-07-15,2016-09-01,2,"1302PEA0093_C",41.363,-73.58
"1302PEA0093","PEACH LAKE",2021,2021-11-22,2021-11-22,1,"1302PEA0093_C",41.363,-73.58
"1302PUT0093B","PUTNAM LAKE",2013,2013-07-09,2013-07-09,1,"1302PUT0093B_C",41.4664,-73.5396
"1302PUT0093B","PUTNAM LAKE",2020,2020-06-01,2020-06-11,2,"1302PUT0093B_BEACH_2",41.4664,-73.5396
"1302RIP0119","LAKE RIPPOWAM",2016,2016-10-29,2016-12-08,2,"1302RIP0119_C",41.3001,-73.5628
"1302RIP0119","LAKE RIPPOWAM",2017,2017-11-12,2017-11-12,1,"1302RIP0119_C",41.3001,-73.5628
"1302SAG0076J","SAGAMORE LAKE",2021,2021-10-13,2021-10-13,1,"1302SAG0076J_C",41.4732,-73.7809
"1302SEV0077C","SEVEN HILLS LAKE",2022,2022-07-09,2022-07-09,1,"1302SEV0077C_C",41.4841,-73.7492
"1302TRU0115A","TRUESDALE LAKE",2013,2013-09-14,2013-09-14,1,"1302TRU0115A_C",41.2817,-73.5534
"1302UWB0102A","PATTERSON VETERANS PARK SWIM POND",2014,2014-08-26,2014-08-26,1,"1302UWB0102A_BEACH",41.5186,-73.615
"1302WAC0117","LAKE WACCABUC",2016,2016-07-09,2016-07-09,1,"1302WAC0117_C",41.2977,-73.5841
"1302WAC0117","LAKE WACCABUC",2017,2017-11-13,2017-11-13,1,"1302WAC0117_C",41.2977,-73.5841
"1302WAC0117","LAKE WACCABUC",2012,2012-06-25,2012-07-18,2,"1302WAC0117_C",41.2977,-73.5841
"1303BEA0234","BEAVER DAM LAKE ",2013,2013-09-28,2013-09-28,1,"1303BEA0234_C",41.442,-74.1159
"1303BEA0234","BEAVER DAM LAKE ",2016,2016-06-11,2016-09-04,3,"1303BEA0234_BEACH, 1303BEA0234_C, 1303BEA0234_NNE",41.442,-74.1159
"1303BEA0234","BEAVER DAM LAKE ",2017,2017-06-29,2017-10-27,2,"1303BEA0234_BEACH, 1303BEA0234_C",41.442,-74.1159
"1303BEA0234","BEAVER DAM LAKE ",2021,2021-06-05,2021-06-10,2,"1303BEA0234_C",41.442,-74.1159
"1303BEA0234","BEAVER DAM LAKE ",2014,2014-07-31,2014-09-18,3,"1303BEA0234_C, 1303BEA0234_NNE",41.442,-74.1159
"1303BEA0234","BEAVER DAM LAKE ",2022,2022-06-09,2022-09-29,2,"1303BEA0234_C",41.442,-74.1159
"1303TOM0240D","TOMAHAWK LAKE",2012,2012-08-03,2012-08-03,1,"1303TOM0240D_C",41.4092,-74.2234
"1303TOM0240D","TOMAHAWK LAKE",2013,2013-09-18,2013-09-18,1,"1303TOM0240D_C",41.4092,-74.2234
"1304SYL0352","SYLVAN LAKE",2018,2018-06-13,2018-06-13,1,"1304SYL0352_BEACH_1",41.6088,-73.7416
"1304UWB5237","DEER LAKE",2019,2019-06-29,2019-06-29,1,"1304UWB5237_BEACH_1",41.5064,-73.8633
"1305NOO0373A","NOOTEEMING LAKE",2016,2016-07-19,2016-07-19,1,"1305NOO0373A_BEACH",41.7901,-73.7851
"1305ONI0366B","LAKE ONIAD",2018,2018-09-20,2018-09-20,1,"1305ONI0366B_C",41.5891,-73.8786
"1306PRIXXX1","UNNAMED POND NEW PALTZ",2017,2017-09-01,2017-09-01,1,"1306PRIXXX1_C",41.74011,-74.16894
"1306UWB0464B","UNNAMED WALLKILL POND",2021,2021-08-01,2021-08-01,1,"1306UWB0464B_C",41.6503,-74.2204
"1307PRIXXX1","UNNAMED POND KINGSTON",2016,2016-09-23,2016-09-23,1,"1307PRIXXX1_C",41.88371,-74.12894
"1308WILXXX1B","WILCOX PARK POND NORTH",2017,2017-04-25,2017-04-25,1,"1308WILXXX1B_SMN",41.95276,-73.72579
"1309BAS0950A","BASIC CREEK RESERVOIR",2019,2019-09-27,2019-09-27,1,"1309BAS0950A_C",42.4812,-74.0139
"1309UWBXXX3","UNNAMED WATER (CATSKILL)",2022,2022-07-25,2022-07-25,1,"1309UWBXXX3_C",42.19216,-74.00155
"1309VLA0960B","VLAIE POND",2017,2017-10-28,2017-10-28,1,"1309VLA0960B_C",42.5314,-74.304
"1310COP0108","COPAKE LAKE",2014,2014-09-22,2014-09-22,1,"1310COP0108_C",42.144,-73.5955
"1310KIN0024","KINDERHOOK LAKE",2018,2018-09-29,2018-09-29,1,"1310KIN0024_C",42.4526,-73.6601
"1310KIN0024","KINDERHOOK LAKE",2021,2021-06-27,2021-06-27,1,"1310KIN0024_C",42.4526,-73.6601
"1310NAS0034","NASSAU LAKE",2012,2012-09-13,2012-10-05,2,"1310NAS0034_C",42.5381,-73.6038
"1310NAS0034","NASSAU LAKE",2017,2017-07-07,2017-09-27,2,"1310NAS0034_C, 1310NAS0034_SE",42.5381,-73.6038
"1311DUA0276A","DUANE LAKE",2015,2015-10-08,2015-10-08,1,"1311DUA0276A_C",42.7491,-74.1126
"1311DUA0276A","DUANE LAKE",2019,2019-06-15,2019-06-15,1,"1311DUA0276A_C",42.7491,-74.1126
"1311DUA0276A","DUANE LAKE",2022,2022-09-25,2022-09-25,1,"1311DUA0276A_C",42.7491,-74.1126
"1311DUA0276A","DUANE LAKE",2014,2014-10-15,2014-10-15,1,"1311DUA0276A_C",42.7491,-74.1126
"1311PRIXXX1","UNNAMED POND BOZENKILL",2015,2015-07-01,2015-07-01,1,"1311PRIXXX1_C",42.71058,-74.07232
"1401FOX0192","FOX LAKE",2016,2016-07-23,2016-07-23,1,"1401FOX0192_C",41.5918,-74.938
"1401HUN0216","LAKE HUNTINGTON",2014,2014-06-10,2014-06-10,1,"1401HUN0216_C",41.6829,-74.9904
"1401HUN0216","LAKE HUNTINGTON",2017,2017-10-08,2017-10-08,1,"1401HUN0216_C",41.6829,-74.9904
"1401MON0186","MONTGOMERY LAKE",2015,2015-09-20,2015-09-20,1,"1401MON0186_W",41.5253,-74.9173
"1401MON0186","MONTGOMERY LAKE",2016,2016-09-11,2016-09-11,1,"1401MON0186_W",41.5253,-74.9173
"1401MON0186","MONTGOMERY LAKE",2012,2012-09-06,2012-09-06,1,"1401MON0186_C",41.5253,-74.9173
"1401MOU0114","MOUNTAIN LAKE",2016,2016-10-02,2016-10-02,1,"1401MOU0114_C",41.6571,-74.8148
"1401MOU0114","MOUNTAIN LAKE",2022,2022-09-26,2022-09-26,1,"1401MOU0114_C",41.6571,-74.8148
"1401SOM0268","SOMERSET LAKE",2018,2018-08-26,2018-08-26,1,"1401SOM0268_C",41.9102,-75.229
"1401SOM0268","SOMERSET LAKE",2012,2012-09-10,2012-09-10,1,"1401SOM0268_C",41.9102,-75.229
"1402EVE0050A","EVENS LAKE",2018,2018-06-27,2018-08-30,2,"1402EVE0050A_C",41.7647,-74.6526
"1402SHE0051","LOCH SHELDRAKE",2022,2022-09-21,2022-09-21,1,"1402SHE0051_C",41.774,-74.6565
"1404ARC5574","ARCTIC LAKE",2015,2015-09-05,2015-09-05,1,"1404ARC5574_C",42.1793,-75.4252
"1404ARC5574","ARCTIC LAKE",2016,2016-09-27,2016-09-27,1,"1404ARC5574_C",42.1793,-75.4252
"1404ARC5574","ARCTIC LAKE",2017,2017-06-22,2017-06-22,1,"1404ARC5574_OPRBEACH",42.1793,-75.4252
"1404ARC5574","ARCTIC LAKE",2014,2014-10-17,2014-10-22,2,"1404ARC5574_C",42.1793,-75.4252
"1404CAN0402A","CANNONSVILLE RESERVOIR",2017,2017-10-25,2017-10-25,1,"1404CAN0402A_C",42.1063,-75.281
"1404LAU0382","LAUREL LAKE",2012,2012-09-03,2012-09-18,2,"1404LAU0382_C",42.0104,-75.4803
"1404LAU0382","LAUREL LAKE",2013,2013-08-22,2013-08-22,1,"1404LAU0382_C",42.0104,-75.4803
"1501GRE1026","GREENWOOD LAKE",2020,2020-05-30,2020-05-30,1,"1501GRE1026_C",41.1898,-74.3196
"1501HACXXX1",NA,2014,2014-06-25,2014-06-25,1,"1501HACXXX1_C",NA,NA
"1501LUC0982B","LAKE LUCILLE",2012,2012-09-14,2012-09-14,1,"1501LUC0982B_C",41.1837,-73.9978
"1501ROC0985","ROCKLAND LAKE",2012,2012-08-20,2012-08-20,1,"1501ROC0985_C",41.1386,-73.9228
"1501ROC0985","ROCKLAND LAKE",2013,2013-10-04,2013-10-04,1,"1501ROC0985_C",41.1386,-73.9228
"1501ROC0985","ROCKLAND LAKE",2014,2014-09-23,2014-10-30,2,"1501ROC0985_C",41.1386,-73.9228
"1501ROC0985","ROCKLAND LAKE",2018,2018-11-21,2018-11-21,1,"1501ROC0985_C",41.1386,-73.9228
"1501ROC0985","ROCKLAND LAKE",2019,2019-05-04,2019-10-31,2,"1501ROC0985_C",41.1386,-73.9228
"1501ROC0985","ROCKLAND LAKE",2020,2020-04-09,2020-05-04,2,"1501ROC0985_C",41.1386,-73.9228
"1501ROC0985","ROCKLAND LAKE",2021,2021-11-03,2021-11-03,1,"1501ROC0985_C",41.1386,-73.9228
"1501ROC0985","ROCKLAND LAKE",2022,2022-05-27,2022-10-27,2,"1501ROC0985_C",41.1386,-73.9228
"1501UWB1006","LITTLE WE WAH LAKE",2012,2012-07-31,2012-07-31,1,"1501UWB1006_C",41.2106,-74.2005
"1501UWB1006","LITTLE WE WAH LAKE",2014,2014-06-22,2014-06-22,1,"1501UWB1006_C",41.2106,-74.2005
"1501WEE1005","WEE WAH LAKE",2012,2012-05-23,2012-05-23,1,"1501WEE1005_C",41.2156,-74.1946
"1501WEE1005","WEE WAH LAKE",2014,2014-10-06,2014-10-06,1,"1501WEE1005_C",41.2156,-74.1946
"1601ELL1113","ELLIS POND",2015,2015-05-23,2015-05-23,1,"1601ELL1113_BEACH_1",41.6826,-73.5471
"1601UWB5314","UNNAMED WATER",2022,2022-06-08,2022-06-08,1,"1601UWB5314_C",41.5898,-73.6116
"1701AGA0815","AGAWAM LAKE",2013,2013-10-08,2013-10-08,1,"1701AGA0815_C",40.8744,-72.3922
"1701AGA0815","AGAWAM LAKE",2014,2014-05-28,2014-10-07,8,"1701AGA0815_C",40.8744,-72.3922
"1701AGA0815","AGAWAM LAKE",2015,2015-05-07,2015-08-05,8,"1701AGA0815_C",40.8744,-72.3922
"1701AGA0815","AGAWAM LAKE",2016,2016-11-02,2016-11-02,1,"1701AGA0815_C",40.8744,-72.3922
"1701AGA0815","AGAWAM LAKE",2017,2017-05-08,2017-12-26,15,"1701AGA0815_C",40.8744,-72.3922
"1701AGA0815","AGAWAM LAKE",2018,2018-05-07,2018-09-25,8,"1701AGA0815_C",40.8744,-72.3922
"1701AGA0815","AGAWAM LAKE",2019,2019-10-16,2019-11-12,4,"1701AGA0815_LA",40.8744,-72.3922
"1701AGA0815","AGAWAM LAKE",2020,2020-06-04,2020-11-17,10,"1701AGA0815_C",40.8744,-72.3922
"1701AGA0815","AGAWAM LAKE",2021,2021-01-07,2021-12-20,15,"1701AGA0815_C",40.8744,-72.3922
"1701AGA0815","AGAWAM LAKE",2022,2022-05-16,2022-11-17,7,"1701AGA0815_C",40.8744,-72.3922
"1701DIV0641","DIVISION POND",2014,2014-08-12,2014-08-12,1,"1701DIV0641_C",40.8852,-72.5659
"1701FOR0755","FORT POND",2017,2017-09-30,2017-09-30,1,"1701FOR0755_C",41.0417,-71.9532
"1701FRE0458","FRESH POND",2013,2013-12-08,2013-12-08,1,"1701FRE0458_C",41.057,-72.3363
"1701FRE0458","FRESH POND",2018,2018-07-22,2018-07-22,1,"1701FRE0458_C",41.057,-72.3363
"1701FRE0753","FRESH POND (HITHER HILLS SP)",2014,2014-11-09,2014-11-09,1,"1701FRE0753_C",41.0159,-72.0245
"1701GEO0780","GEORGICA POND",2012,2012-09-08,2012-09-08,1,"1701GEO0780_C",40.9391,-72.2291
"1701GEO0780","GEORGICA POND",2015,2015-09-22,2015-09-22,1,"1701GEO0780_EH15",40.9391,-72.2291
"1701GEO0780","GEORGICA POND",2018,2018-10-17,2018-10-17,1,"1701GEO0780_EH16B",40.9391,-72.2291
"1701KEL0798","KELLIS POND",2021,2021-06-24,2021-06-24,1,"1701KEL0798_KP",40.9272,-72.3175
"1701LAU0496","LAUREL LAKE",2019,2019-06-04,2019-06-04,1,"1701LAU0496_C",40.9789,-72.5575
"1701LFR0662","LITTLE FRESH POND",2015,2015-09-06,2015-09-06,1,"1701LFR0662_C",40.9182,-72.4085
"1701MAR0495","MARATOOKA LAKE",2015,2015-06-15,2015-06-15,1,"1701MAR0495_C",40.9931,-72.524
"1701MAR0495","MARATOOKA LAKE",2016,2016-06-13,2016-06-27,2,"1701MAR0495_C",40.9931,-72.524
"1701MAR0495","MARATOOKA LAKE",2022,2022-06-27,2022-07-18,2,"1701MAR0495_ML",40.9931,-72.524
"1701MIL0793","MILL POND (WATERMILL)",2015,2015-10-22,2015-10-22,1,"1701MIL0793_C",40.9145,-72.3583
"1701MIL0793","MILL POND (WATERMILL)",2016,2016-12-01,2016-12-01,1,"1701MIL0793_MP",40.9145,-72.3583
"1701MIL0793","MILL POND (WATERMILL)",2017,2017-07-06,2017-07-06,1,"1701MIL0793_MP",40.9145,-72.3583
"1701MIL0793","MILL POND (WATERMILL)",2019,2019-06-11,2019-06-11,1,"1701MIL0793_MP",40.9145,-72.3583
"1701MIL0793","MILL POND (WATERMILL)",2021,2021-10-22,2021-11-12,4,"1701MIL0793_MP",40.9145,-72.3583
"1701PECXXX1","PECONIC RIVER",2016,2016-08-12,2016-08-12,1,"1701PECXXX1_C",40.91606,-72.69496
"1701PRO0009","PROSPECT PARK LAKE",2014,2014-06-20,2014-07-02,2,"1701PRO0009_C",40.6549,-73.9699
"1701PRO0009","PROSPECT PARK LAKE",2015,2015-10-13,2015-10-19,2,"1701PRO0009_SE",40.6549,-73.9699
"1701PRO0009","PROSPECT PARK LAKE",2016,2016-10-24,2016-11-07,3,"1701PRO0009_NW, 1701PRO0009_SE, 1701PRO0009_SW",40.6549,-73.9699
"1701PRO0009","PROSPECT PARK LAKE",2017,2017-05-22,2017-05-22,1,"1701PRO0009_SE",40.6549,-73.9699
"1701PRO0009","PROSPECT PARK LAKE",2018,2018-05-21,2018-05-21,1,"1701PRO0009_C",40.6549,-73.9699
"1701PRO0009","PROSPECT PARK LAKE",2019,2019-05-28,2019-05-28,1,"1701PRO0009_C",40.6549,-73.9699
"1701PRO0009","PROSPECT PARK LAKE",2021,2021-05-25,2021-10-21,6,"1701PRO0009_C",40.6549,-73.9699
"1701PRO0009","PROSPECT PARK LAKE",2022,2022-10-13,2022-10-21,2,"1701PRO0009_C",40.6549,-73.9699
"1701REE0763","BIG REED POND",2014,2014-05-21,2014-09-09,2,"1701REE0763_C",41.0781,-71.9101
"1701REE0763","BIG REED POND",2015,2015-04-19,2015-05-03,3,"1701REE0763_C",41.0781,-71.9101
"1701REE0763","BIG REED POND",2016,2016-09-14,2016-09-14,1,"1701REE0763_C",41.0781,-71.9101
"1701RON0304","LAKE RONKONKOMA",2015,2015-05-18,2015-05-18,1,"1701RON0304_LRI",40.8276,-73.1225
"1701RON0304","LAKE RONKONKOMA",2017,2017-08-12,2017-08-12,1,"1701RON0304_C",40.8276,-73.1225
"1701RON0304","LAKE RONKONKOMA",2018,2018-05-09,2018-06-01,3,"1701RON0304_C, 1701RON0304_LRBR",40.8276,-73.1225
"1701UWB0087","GOOSE POND",2016,2016-10-27,2016-10-27,1,"1701UWB0087_C",40.7119,-73.7987
"1701UWB0087","GOOSE POND",2022,2022-06-12,2022-07-30,2,"1701UWB0087_C",40.7119,-73.7987
"1701UWB0730","UNNAMED WATER",2022,2022-11-18,2022-11-18,1,"1701UWB0730_C",41.046,-72.1736
"1701WAI0782","WAINSCOTT POND",2016,2016-06-29,2016-06-29,1,"1701WAI0782_WPS",40.9293,-72.2426
"1701WAI0782","WAINSCOTT POND",2018,2018-07-18,2018-07-18,1,"1701WAI0782_WPS",40.9293,-72.2426
"1701WAI0782","WAINSCOTT POND",2019,2019-10-22,2019-10-22,1,"1701WAI0782_WPS",40.9293,-72.2426
"1701WAI0782","WAINSCOTT POND",2020,2020-10-13,2020-11-11,3,"1701WAI0782_WPS",40.9293,-72.2426
"1701WAI0782","WAINSCOTT POND",2021,2021-05-24,2021-05-24,1,"1701WAI0782_WPS",40.9293,-72.2426
"1701WAI0782","WAINSCOTT POND",2022,2022-05-24,2022-05-24,1,"1701WAI0782_WPS",40.9293,-72.2426
"1702FRE0271A","FRESH POND SALONGA",2020,2020-06-07,2020-06-07,1,"1702FRE0271A_C",40.9214,-73.2963
"1702GRA1055","GRASSY SPRAIN RESERVOIR",2014,2014-11-03,2014-11-03,1,"1702GRA1055_C",40.9781,-73.8475
"1702IND5821","INDIAN POND",2015,2015-10-20,2015-10-27,2,"1702IND5821_C",40.8383,-73.8941
"1702KIS0076","KISSENA LAKE",2014,2014-05-22,2014-05-22,1,"1702KIS0076_C",40.7481,-73.8055
"1702OAK0107","OAKLAND LAKE",2021,2021-06-11,2021-06-11,1,"1702OAK0107_C",40.7586,-73.7596
"1702RE31074","NEW ROCHELLE RESERVOIR NO.3",2016,2016-10-28,2016-10-28,1,"1702RE31074_C",40.9463,-73.8013
"1702RE31074","NEW ROCHELLE RESERVOIR NO.3",2018,2018-06-07,2018-06-07,1,"1702RE31074_C",40.9463,-73.8013
"1702ROTXXXX","ROTH POND",2017,2017-05-10,2017-11-02,3,"1702ROTXXXX_C",40.9118,-73.12379
"1702ROTXXXX","ROTH POND",2018,2018-05-15,2018-07-05,3,"1702ROTXXXX_C",40.9118,-73.12379
"1702ROTXXXX","ROTH POND",2019,2019-04-16,2019-04-22,3,"1702ROTXXXX_C",40.9118,-73.12379
"1702ROTXXXX","ROTH POND",2022,2022-03-23,2022-04-21,7,"1702ROTXXXX_C",40.9118,-73.12379
"1702SHE1087","SHELDRAKE LAKE",2019,2019-08-09,2019-08-09,1,"1702SHE1087_C",40.9524,-73.7745
"1702SIL1076","SILVER LAKE RESERVOIR",2015,2015-10-16,2015-10-16,1,"1702SIL1076_C",40.6262,-74.0965
"1702STRXXX1","STRACK POND",2019,2019-11-06,2019-11-06,1,"1702STRXXX1_C",40.6994,-73.8554
"1702UWB0239","WILLOW POND",2017,2017-04-26,2017-04-26,1,"1702UWB0239_C",40.9031,-73.4159
"1702UWB0239","WILLOW POND",2020,2020-05-01,2020-05-01,1,"1702UWB0239_C",40.9031,-73.4159
"1702UWB0336","STONY BROOK DUCK POND",2019,2019-10-18,2019-10-18,1,"1702UWB0336_C",40.9142,-73.147
"1702UWB5331","BOWNE POND",2012,2012-07-03,2012-07-03,1,"1702UWB5331_C",40.77071,-73.80826
