"LAKE_HISTORY_ID","depth","phosphorus","logTP","DISTURBANCE","WaterbodyAreaSQM","WLarea","DISTURBANCE100m","well_drained_soils","septic","LOCATION_X_COORDINATE","LOCATION_Y_COORDINATE","LOCATION_PWL_ID"
"0102ATT0020",7.2,28.8,3.3603753871419,0.425380413577838,60000,320.610442333333,0.246669204415683,0.0434081243584103,21.70209729,-78.258202,42.830898,"0102-0039"
"0102ATT0020A",NA,28.45,3.34814816057234,0.375718633750423,712000,8.49601253370786,0.211644374508261,0,2.660354003,-78.226601,42.7859,"0102-0040"
"0102DIV0015",NA,45.55,3.81881062370597,0.319526627218935,19000,9.48524,0.354838709677419,0.215568862275449,0,-78.399399,43.0411,"0102-0035"
"0102FAU0021A",2.1,31.7,3.45631668088323,0.244759972954699,179000,16.4230640446927,0.260869565217391,0.0383693045563549,91.51427685,-78.287399,42.645199,"0102-0043"
"0102UWB5214",3,45.0995,3.80887115997268,0.702517162471396,84000,5.88920146190476,0.571428571428571,0.134259259259259,75.10819222,-78.415199,43.027,NA
"0103UWB5479",1,23,3.13549421592915,0.283376123234917,32000,92.74715959375,0.184254606365159,0.710413223140496,4.001535361,-78.383003,42.669399,"0103-0010"
"0104CLE0100",10.3,36.9,3.60821155104648,0.606476938174681,200000,65.16480595,0.471634917312121,0.0446844557390936,12.62546237,-78.852997,42.553501,"0104-0057"
"0104GRE5309",6.8,35,3.55534806148941,0.540547454591967,75000,95.10077228,0.433940774487472,0.0568167243811722,27.08019261,-78.751404,42.757301,"0101-0038"
"0104JAV0152",5.55,105.4,4.65776263610726,0.460790273556231,213000,14.8893919765258,0.350756533700138,0.382317073170732,228.534442,-78.343903,42.631302,"0104-0004"
"0104LIM0130",11.1,16.844,2.82399451029968,0.663251176959291,580000,6.70718310689655,0.8464,0.650834772596431,1423.308762,-78.479202,42.427399,"0104-0001"
"0104RAI5630",NA,23.65,3.16336311493794,0.325337331334333,46000,15.8725569608696,0.519230769230769,0.285285285285285,0,-78.698196,42.352001,"0104-0060"
"0104SUC0132",1.6,106,4.66343909411207,0.569933639612047,62000,57.6743165645161,0.681473456121343,0.162832310838446,16.58213491,-78.503601,42.4366,"0104-0066"
"0104TIM5635",NA,52.55,3.96176509732296,0.275737507525587,102000,30.3714412843137,0.245508982035928,0.171454490474751,42.09431395,-78.678703,42.352501,"0104-0060"
"0105EMU0144",NA,13.9,2.63188884013665,0.282861574253587,136000,34.9333269558824,0.175507020280811,0.312205651491366,24.3832123,-79.098801,42.4324,"0105-0034"
"0105FRE0160",15,7.4,2.00148000021012,0.180489731437599,198000,70.1274131818182,0.105098039215686,0.36076872100729,19.63523029,-79.311096,42.391998,"0105-0021"
"0105MIN0165A",9.3,11,2.39789527279837,0.0916230366492147,51000,34.7366130980392,0.0930626057529611,0.108193277310924,6.335086581,-79.575798,42.296299,"0105-0029"
"0201ALM5535",1.51,276,5.62040086571715,0.0654333250558729,119000,65.406889697479,0.172413793103448,0.263495319912809,1.74229022,-78.001404,42.014099,"0201-0073"
"0201CUB0115",23.2,16.4,2.79728133483015,0.278484224772324,1681000,39.1368341225461,0.284158862687578,0.0533145275035261,17.5710306,-78.292801,42.253399,"0201-0016"
"0201LIN0097A",1,88.3,4.48074010760991,0.11880088823094,45000,55.4132928222222,0.107458912768647,0.197461739455021,63.40693812,-78.830498,42.273102,"0201-0035"
"0201QUA5359",12.77,15.3,2.72785282839839,0.035525358521277,1087000,68.2823694664213,0.0793022159358793,0.189938689661128,0,-78.867798,42.043301,"0201-0030"
"0201RED0095B",6,14.1,2.64617479738412,0.0408096830517002,403000,152.244115632754,0.0641230633511606,0.104114860864417,0,-78.744598,42.102798,"0201-0033"
"0201SCI0090B",4.8,14.8,2.69462718077007,0.0188891387452215,14000,573.570103142857,0.0524316109422492,0.010233918128655,0,-78.766197,42.011101,NA
"0202CHA0122",18,43.5,3.77276093809464,0.322290939022491,52570000,8.7462612706867,0.258217433888345,0.122292023860552,43.94676826,-79.4385,42.202801,"0202-0072"
"0202CHA0122",18,43.5,3.77276093809464,0.322290939022491,52570000,8.7462612706867,0.258217433888345,0.122292023860552,43.94676826,-79.4385,42.202801,"0202-0020"
"0202CLY0150",0.6,88.8,4.48638664999812,0.646296817797803,49000,458.752403061224,0.556395851339672,0.268120331112457,48.21342074,-79.626503,42.0149,"0202-0079"
"0202FIN0153",13,37.9,3.63495111208838,0.39011872845653,1148000,11.3117268205575,0.383259911894273,0.248823030022382,301.4195899,-79.726196,42.101898,"0202-0004"
"0202UWB5366",NA,14.5,2.67414864942653,0.0488505747126437,125000,23.667196856,0.0492788461538462,0.0826683689754229,4.337707283,-78.953102,42.101601,"0202-0078"
"0202UWB5582",NA,23,3.13549421592915,0.0804460374352848,65000,34.9033020153846,0.0339622641509434,0.062111801242236,0,-79.529404,42.090599,NA
"0202UWB5604",NA,186,5.2257466737132,0.143846915209502,153000,18.4552869607843,0.0634648370497427,0.0168384879725086,0,-79.722099,42.1745,NA
"0202WMU0145",7.02,28.3,3.34286180464919,0.332889036987671,59000,138.756426288136,0.179945054945055,0.287782603853436,12.93160803,-79.178299,42.400501,"0202-0054"
"0301GOO0167O",0.5,35.7,3.57515068878559,0.457936507936508,354000,3.32877152542373,0.125214408233276,0.296178343949045,0,-78.276802,43.118698,"0301-0042"
"0301LON0154",2.3,86.75,4.46303041882697,0.584221369180833,1740000,36.6032843850575,0.480433632998414,0.193323473484048,54.41896495,-77.69364,43.2897,"0301-0015"
"0301MID0177A",3.8,197.5,5.28573858434118,0.732766302146618,31000,718.679847096774,0.585007902461052,0.100462362102531,14.81267973,-78.475197,43.188999,"0301-0047"
"0301UWB0153D",1.35,31.6,3.45315712059287,0.787918581746553,57000,48.1156804912281,0.658169177288528,0.0124753775443204,8.004971254,-77.690498,43.2799,NA
"0301UWB0190A",1.3,47.6,3.86283276123737,0.399280575539568,47000,6.75289993404255,0.552631578947368,0.304526748971193,0,-78.9263,43.183201,NA
"0301WAT0166",17.5,46.4,3.83729945923221,0.657769767402887,1226000,486.578573735726,0.508416403619874,0.134618036932036,19.1265247,-78.258499,43.3213,"0301-0035"
"0302DEE0142",8.3,15,2.70805020110221,0.153969526864475,549000,6.84801075409836,0.0432852386237514,0.681109185441941,4.16647763,-77.570503,43.022999,"0302-0033"
"0302DUR0148A",3.7,47,3.85014760171006,0.198767334360555,72000,8.97808015833333,0.122324159021407,1,19.15911267,-77.557602,43.233299,"0302-0037"
"0302EAS0148E",2.6,38.9,3.6609942506244,0.681330028913672,77000,57.3484744155844,0.351819757365685,0.817543859649123,30.55945829,-77.563103,43.2332,"0302-0037"
"0302LAC0132",12.8,243.68,5.49585588914685,0.111111111111111,52000,2.99530254038462,0.0576923076923077,1,259.8463365,-77.479401,43.0509,"0302-0031"
"0302MIL0092",0.5,534,6.2803958389602,0.428622103105786,89000,258.479577640449,0.338867603235419,0.391038452314334,16.72981666,-76.7658,43.169701,"0302-0061"
"0302SIL0065",1.1,13,2.56494935746154,0.25,459000,1.69155213943355,0.143229166666667,0,173.2218269,-76.549599,43.378101,"0302-0048"
"0302THE0069",3.1,25,3.2188758248682,0.400968357006663,425000,497.163109176471,0.268310172592849,0.306364324677783,19.74081198,-76.695503,43.341,"0302-0058"
"0303COA0048",7,6.1,1.80828877117927,0.214065391733498,231000,7.3319248008658,0.0932835820895522,0.44513329200248,161.1085574,-75.975601,43.406601,"0303-0091"
"0303HYD0391",7.2,20.6,3.02529107579554,0.335247524752475,713000,7.3781242173913,0.351500789889415,0.0393556280587276,139.0376196,-75.833198,44.243599,"0303-0043"
"0303LON0049",NA,12.2,2.50143595173921,0.0369466145833333,297000,19.0154662794613,0.0212624584717608,0.635900916185952,2.532868534,-75.960197,43.4319,"0303-0092"
"0303LOR0052",5.8,12.6,2.53369681395743,0.0866666666666667,69000,12.7359721014493,0.0352112676056338,0.73272933182333,8.777935925,-75.960602,43.457199,"0303-0093"
"0303MOS0031A",1.7,18.7,2.92852352386054,0.0611439842209073,232000,17.7913220905172,0.0119165839126117,0.753669724770642,4.666069266,-76.0037,43.4664,"0303-0085"
"0303SOU0001",6.8,25.2,3.22684399451738,0.409214092140921,1257000,6.48037917581543,0.332908163265306,0.19176654507556,195.2148631,-76.1912,43.622601,"0303-0065"
"0303STM0042",5.3,6.4,1.85629799036563,0.0352,93000,13.2213418494624,0,0.768740031897927,0,-76.032402,43.423599,"0303-0090"
"0303UWB5011",0.05,53,3.97029191355212,0.587124787615631,1678000,121.564501370679,0.501677922731658,0.0361759681738476,12.32257336,-75.989098,44.076,NA
"0402CAN0043",29,8.65,2.15755932094379,0.144938510934755,2616000,12.4391653287462,0.138969591322874,0.148446852750299,25.67230494,-77.568802,42.718399,"0402-0002"
"0402CON0067",22,17.3295,2.85241025160905,0.473854795734752,12795000,14.2280337162954,0.370056939873583,0.247958636948135,24.81639267,-77.718697,42.752201,"0402-0004"
"0402GOD0017",3.1,80.9,4.39321382406445,0.755743332453129,99000,177.255504343434,0.415307971014493,0.303509905254091,116.4975534,-78.112198,43.027401,"0402-0051"
"0402HEM0044",28.5,8.9,2.18605127673809,0.281462109019663,8261000,13.4619651010774,0.200450325234892,0.182321035390151,26.80640086,-77.605904,42.705799,"0402-0011"
"0402HON0057",9.8,26.934,3.29338942902785,0.165109355104487,7118000,14.5406887187412,0.213730913499792,0.212242752282861,22.39606927,-77.511597,42.7542,"0402-0032"
"0402MIL0016",1.6,322,5.77455154554441,0.742063492063492,23000,20.5993543391304,0.652482269503546,0.279678068410463,27.24522655,-78.056999,43.083599,"0402-0050"
"0402UWB5160",3.3,115,4.74493212836325,0.86101083032491,31000,17.9498188322581,0.746913580246914,0.854054054054054,26.08646095,-77.668602,42.9011,NA
"0403AND0164",1.4,112.5,4.72295322164447,0.292662932094548,111000,119.423181621622,0.241163590866437,0.0584116960669916,15.14103739,-77.793602,42.1656,NA
"0403ROC0155",2.3,21.5,3.06805293513362,0.31655627333933,86000,770.600511395349,0.301127720954629,0.0586308995892972,18.67165064,-78.148598,42.3064,"0403-0053"
"0403RUS0146",33.52,8.45,2.13416644136908,0.300410759702677,2337000,67.610100855798,0.310414853495793,0.0916370673820712,40.28909583,-78.192703,42.3806,"0403-0024"
"0403SIL0115",11.6,29.05,3.36901848329792,0.718233493659816,3329000,13.4534403905077,0.569561815336463,0.0849767727232886,22.47696016,-78.034798,42.687199,"0403-0002"
"0404LOO0079",16,12.4,2.51769647261099,0.467390170092873,573000,16.239911425829,0.400107411385607,0.294564764681383,290.6606934,-77.566902,42.492599,"0404-0039"
"0404NUN0084A",3.8,20.4,3.01553490085017,0.250963047510344,30000,211.0618179,0.243939393939394,0.312339111034838,10.85469473,-77.916298,42.540501,"0404-0030"
"0501LOW0021",2,37.3,3.61899332664977,0.932432432432432,13000,11.9069032461538,0.65,0.678082191780822,0,-76.911797,42.146,NA
"0502DEM0068",50,14.9,2.70136121295141,0.526104417670683,99000,3.22833945555556,0.597222222222222,1,1336.143588,-77.477898,42.347698,"0502-0015"
"0502LAM0047",14.7,19.6495,2.97805189269891,0.438599908535036,3082000,36.5890990590526,0.401655412764104,0.188624318238251,111.0120877,-77.077797,42.4058,"0502-0001"
"0502SAL0051",10.7,30.5,3.41772668361337,0.573219658976931,196000,10.3052825561224,0.608359133126935,0.378841309823678,351.8456328,-77.2929,42.3293,"0502-0011"
"0502SAN0043",8,14.7,2.68784749378469,0.375898664840808,119000,23.8543089495798,0.369845360824742,0.661500528355055,59.27273436,-77.178398,42.330898,"0502-0027"
"0502SMI0066",15,44.55,3.79661215391682,0.676567656765677,130000,20.2135569153846,0.618918918918919,0.15093646713184,327.6431873,-77.474403,42.388802,"0502-0012"
"0502THU0040",NA,135,4.90527477843843,0.419833096590909,90000,226.722869444444,0.353459791611007,0.0784191274868409,19.7043946,-77.269501,42.220299,"0502-0024"
"0502WAN0048",87,38.5995,3.65323932301901,0.529670508695475,3015000,8.39238434825871,0.521858500527983,0.0931164159581426,305.3619982,-77.101799,42.4445,"0502-0002"
"0503ERW0023B",4,11.7,2.45958884180371,0.0151745068285281,33000,37.7743068787879,0,0,0,-77.171204,42.1577,NA
"0601AFT0180",19.5,11.8195,2.4697507098988,0.338192419825073,122000,6.00816862868852,0.325396825396825,0.986301369863014,486.4562958,-75.510696,42.239201,"0601-0010"
"0601ARN0362",20,4.316,1.46232904739589,0.199004975124378,250000,3.2268116008,0.442307692307692,0,747.5680544,-75.0047,42.611401,"0601-0109"
"0601BEA0174",7.5,27.65,3.31962572796834,0.114982578397213,145000,11.6796159724138,0.47029702970297,0,1165.640681,-75.665703,42.045502,"0601-0066"
"0601CAN0392",37,14.376,2.66556014948126,0.539994386752736,7501000,22.0491138781496,0.479186809831561,0.362077874358415,53.3791744,-75.006103,42.8153,"0601-0016"
"0601CHE0213",10,9.6,2.26176309847379,0.111735769501054,524000,3.47380228244275,0.395209580838323,0,548.9741143,-75.4412,42.5826,"0601-0013"
"0601ESI0262",10.4,13.6,2.61006979274201,0.288897435199303,492000,539.832799186992,0.372390364422483,0.0481443513148081,6.895529173,-75.2145,42.327599,"0601-0001"
"0601GIL0287",8.9,4.8,1.56861591791385,0.0275967803756228,160000,15.65371984375,0.056140350877193,0.0426991993900114,6.9410139,-75.128304,42.580002,"0601-0095"
"0601GOE0378",15.8,2.5,0.916290731874155,0.0513595166163142,138000,5.25914703188406,0.0990566037735849,0,0,-74.974197,42.625599,"0601-0112"
"0601GUI0188",60,12.5,2.52572864430826,0.340989697686202,280000,20.14844265,0.208920187793427,0.00170212765957447,106.2122246,-75.499397,42.412899,"0601-0012"
"0601NAT5467",NA,18.1,2.89591193827178,0.253236952895385,167000,68.8370649700599,0.150743099787686,0,13.8426766,-75.705902,42.141602,NA
"0601OTS0404",50,5.5,1.70474809223843,0.473673559042603,16621000,12.063362078094,0.43392873211554,0.300983713742273,36.79086593,-74.896896,42.762299,"0601-0033"
"0601WHI5191",4.6,47.8,3.86702563949741,0.245847176079734,116000,15.0258722844828,0.741116751269036,0,1009.59036,-75.636803,42.040402,"0601-0068"
"0601YOU0408",5.1,21.8,3.08190996979504,0.566668539641513,276000,117.882139492754,0.457493702770781,0.249035907104293,19.56020556,-74.921303,42.8442,"0601-0026"
"0602BAL5648",3,16,2.77258872223978,0.198991973119283,606000,8.87665731023102,0.103189493433396,0,0,-75.763,42.551899,NA
"0602BOW5660",NA,8.9,2.18605127673809,0.138667292351009,141000,28.0849104042553,0.0360824742268041,0.00773558368495077,0,-75.688599,42.5187,NA
"0602BRA0154",13,9.3,2.23001440015921,0.348271870348933,551000,11.9039730235935,0.474111675126904,0.0102496280376922,646.8935176,-75.662201,42.834,"0602-0111"
"0602CHE0032",NA,16.1,2.77881927199042,0.117433852845234,152000,17.3672518881579,0.048526863084922,1,26.3279827,-75.836403,42.2103,"0602-0075"
"0602CRO0073",24.5,13.9565,2.63594534956725,0.431546562536978,444000,18.2716184121622,0.372788045615415,0.373655271336361,70.01524131,-76.149399,42.7859,"0602-0090"
"0602DEA0036",4.9,116.2,4.75531284441781,0.485702091335894,138000,16.3207640507246,0.620583717357911,0.0632279534109817,26.97911413,-76.003403,42.4477,"0602-0077"
"0602EAR0146",9.5,10.53,2.35422832614588,0.5,111000,27.7828979279279,0.481382978723404,0.222222222222222,87.05845268,-75.5578,42.760601,"0602-0108"
"0602EAT0163",18.2,9.25,2.22462355152433,0.262733673221656,1013000,19.6325272852912,0.205084383678701,0.00647624571069547,80.97709201,-75.698998,42.8591,"0602-0041"
"0602ECH0081",11.25,10.8,2.37954613413017,0.201321279554937,244000,11.4749730327869,0.238767650834403,0.042441248684672,60.29439279,-75.8507,42.386299,"0602-0093"
"0602GEN0088",19.8,8.7,2.16332302566054,0.156779661016949,436000,30.2923886009174,0.127643504531722,0,83.32953939,-75.774803,42.5173,"0602-0096"
"0602GLO0040",5,19,2.94443897916644,0.247368421052632,124000,10.3800675080645,0.26984126984127,0.0488573680063042,0,-75.953697,42.492699,"0602-0080"
"0602HAT0155",19.3,11,2.39789527279837,0.344325609031491,547000,6.54229842047532,0.496363636363636,0.00325636471284784,613.8239301,-75.677803,42.834598,"0602-0112"
"0602LEB0153",16.5,10.35,2.33698651971138,0.364506680002858,350000,37.3565617714286,0.316535433070866,0.0149860843502462,59.39038982,-75.606903,42.802898,"0602-0109"
"0602LLY5637",23.5,8.6,2.15176220325946,0.467805656030771,115000,776.663442086957,0.372965694883503,0.573863278378662,91.78790317,-76.163902,42.692402,"0602-0017"
"0602LON0083",5,27.3,3.30688670219091,0.379067184897279,421000,40.3259888123515,0.328574148105844,0.0245841966735734,22.55325017,-75.845001,42.4193,"0602-0095"
"0602LUD0099",8.1,9.3,2.23001440015921,0.114547806656474,487000,32.2388720533881,0.0854898336414048,0.00801282051282051,4.834558513,-75.708801,42.4655,"0602-0100"
"0602MEL0039",4.8,18.8,2.9338568698359,0.40864960282436,154000,27.6017244415584,0.282820097244733,0.00462860921313643,136.2529175,-75.8741,42.470299,"0602-0053"
"0602MOR0152",14.5,14.5,2.67414864942653,0.52026055705301,734000,28.7123969754768,0.462561828415487,0.256967470203423,128.179927,-75.522201,42.850201,"0602-0007"
"0602PET0078",10.5,8.1,2.09186406167839,0.276156583629893,107000,12.6170883831776,0.21195652173913,0.269343065693431,494.4680598,-75.7985,42.331699,"0602-0092"
"0602PLY0107",4.2,25.7,3.24649099190117,0.096541239072596,322000,8.45468148447205,0.491150442477876,0,892.5735143,-75.651001,42.5881,"0602-0014"
"0602ROU0082",5.2,13.6,2.61006979274201,0.0547877591312932,92000,20.7455533804348,0.0614035087719298,0,19.44275628,-75.838402,42.399799,"0602-0094"
"0602SHA5677",2.5,21.3,3.05870707271538,0.046286329386437,30000,29.23347242,0,0.00969827586206897,0,-76.008003,42.791801,NA
"0602SON0072",9.5,15.05,2.71137799119488,0.375452352231604,416000,8.22744934375,0.43613707165109,0.544330518697226,377.6783734,-76.146864,42.772301,"0602-0019"
"0602STE0101",6,26.1,3.26193531432865,0.129899410336455,198000,27.2491683686869,0.079343365253078,0,139.2171089,-75.6661,42.525799,"0602-0101"
"0602TRU5405",3,44.2245,3.78927893415944,0.360424028268551,56000,10.3273244678571,0.435897435897436,0,160.0989892,-75.727997,42.269001,"0602-0074"
"0602TUL0068",12,13.95,2.63547950826737,0.504066021572839,903000,43.6391689590255,0.402404302435938,0.523235968205978,110.1317816,-76.1352,42.776401,"0602-0018"
"0602ULI0067",25.6,11.6,2.45100509811232,0.462334761551926,396000,218.934061515152,0.367054449508275,0.572510003244295,90.89455206,-76.1558,42.7033,"0602-0017"
"0602WAR0094",9,10.7,2.37024374146786,0.353335686551359,116000,23.1511779913793,0.394957983193277,0.399502840909091,21.83408238,-75.6464,42.3746,"0602-0116"
"0602WHA5659",3.7,24.7,3.20680324363393,0.050414364640884,213000,6.20709979812207,0.0758620689655172,0,0,-75.700996,42.5299,NA
"0602WHI5358",7,24.35,3.1925318495286,0.322205679865829,4089000,162.897908584006,0.351151209217079,0.120776410987661,17.73816028,-75.977203,42.3661,"0602-0004"
"0603CAY0008",8.6,16.4,2.79728133483015,0.304760558735543,1526000,26.0065492005242,0.352518818760857,0.182464510947871,32.82185934,-76.735298,42.367001,"0603-0005"
"0603SPE0013",12.4,5.6,1.7227665977411,0.112342259156664,308000,57.0038978571429,0.163241200094496,0.128747795414462,12.46084538,-76.5,42.247299,"0603-0048"
"0701CRO0185",17.5,26.5,3.27714473299218,0.544300998494543,7866000,1960.321222985,0.435632925587722,0.242055568046696,30.02056496,-76.4692,43.111,"0701-0002"
"0701NEA0009",3.01,182.5,5.20675017302255,0.502699748606405,2768000,16.0221573410405,0.450774068698597,0.236326018532785,34.49969588,-76.437202,43.308102,"0701-0018"
"0701OTT0198",2.5,157,5.05624580534831,0.604948286351653,1122000,4.94566655614973,0.364397905759162,0.447552447552448,30.35481097,-76.533096,43.140099,"0701-0004"
"0701PAR0197",3.6,41.95,3.73647843291322,0.664758942457232,752000,41.2893167154255,0.459722472517571,0.530970125884637,34.57282786,-76.558098,43.161499,"0701-0036"
"0702ONO0154",19.9,15.15,2.71800053195538,0.590519630846238,11908000,62.2677841954988,0.429877876005894,0.492782260863992,37.89408253,-76.210403,43.0891,"0702-0021"
"0702ONO0154",19.9,15.15,2.71800053195538,0.590519630846238,11908000,62.2677841954988,0.429877876005894,0.492782260863992,37.89408253,-76.210403,43.0891,"0702-0003"
"0702OTI0175",19,18,2.89037175789616,0.51321655051171,7376000,14.8443266404555,0.411149132579978,0.51926912089689,44.62456284,-76.279404,42.8591,"0702-0011"
"0703CAR0095",NA,32.6,3.48431228837266,0.172697307507129,253000,96.8947537944664,0.0938864628820961,0.621684139835093,12.41703016,-75.902,43.344601,"0703-0083"
"0703CAZ0153",20.416,14.15,2.64971462408925,0.42396960865945,4749000,4.63793827121499,0.325852036575229,0.548778582217824,140.1731619,-75.872002,42.9482,"0703-0021"
"0703DER0139A",16,12.6,2.53369681395743,0.333054042731462,2224000,4.94880413219424,0.493195427327164,0.132197475110336,536.0122033,-75.888603,42.810699,"0602-0086"
"0703FRA0035",2,22.3,3.10458667846607,0.081193838254172,213000,14.1334481690141,0.0503355704697987,0.802889245585875,52.2586034,-75.934998,43.2887,"0703-0051"
"0703JAM0144",9.1,15.8,2.76000994003292,0.431719513763828,879000,128.423284527873,0.35619492515129,0.507817597448104,45.9383126,-76.069099,42.973999,"0703-0015"
"0703NOR0040",NA,8.8,2.17475172148416,0.237687366167024,312000,6.37407708333333,0.0646153846153846,0.701541850220264,193.1524805,-75.996201,43.369099,"0703-0053"
"0703ONE0026",67,15.7,2.75366071235426,0.339366176891116,207005000,17.0367887055868,0.269346515430206,0.398091115230556,29.2748574,-75.910004,43.2033,"0703-0001"
"0703ONE0073",11.1,10.65,2.36555989215543,0.0765980059719621,260000,138.123779692308,0.0546554552912223,0.481519038685798,1.474362202,-75.622597,43.368599,"0703-0071"
"0703PAN0094",8.8,13.85,2.62828523263335,0.176274944567627,516000,4.16077920930233,0.386321626617375,0.819230769230769,882.6308827,-75.908699,43.329201,"0703-0082"
"0703PLE0019",4,28.4,3.34638914516716,0.383333333333333,175000,2.33891461542857,0.4375,1,995.8673276,-76.222702,43.235401,"0703-0047"
"0703TUS0153A",14.3,10.4,2.34180580614733,0.269018274543136,1231000,11.3843749471974,0.266369557764827,0.0653280542986425,259.2816052,-75.758598,42.866501,"0703-0022"
"0704CAN0286",88,6.5,1.87180217690159,0.452854939858127,42269000,11.3891081880338,0.380205494160596,0.321424296953904,44.97150999,-77.3051,42.778,"0704-0001"
"0704UWB5422",1.3,59.8,4.09100566095659,0.592977877801187,4744000,16.1117402065767,0.381958333333333,0.287546827108639,14.03635208,-76.7989,43.0057,"0705-0045"
"0705CAY0296",180,14.805,2.69496496155355,0.59450687409216,171202000,23.910920269623,0.478136805406544,0.213292605308754,41.71212539,-76.7021,42.6883,"0705-0040"
"0705CAY0296",180,14.805,2.69496496155355,0.59450687409216,171202000,23.910920269623,0.478136805406544,0.213292605308754,41.71212539,-76.7021,42.6883,"0705-0025"
"0705CAY0296",180,14.805,2.69496496155355,0.59450687409216,171202000,23.910920269623,0.478136805406544,0.213292605308754,41.71212539,-76.7021,42.6883,"0705-0050"
"0705CAY0296",180,14.805,2.69496496155355,0.59450687409216,171202000,23.910920269623,0.478136805406544,0.213292605308754,41.71212539,-76.7021,42.6883,"0705-0030"
"0705COM0333",26.5,22.7,3.12236492448736,0.37954504746552,259000,39.927828996139,0.45730659025788,0.0845926853259412,146.1517716,-76.3025,42.6772,"0705-0029"
"0705DUC0222",7,25.1,3.22286784613774,0.372205284552846,823000,9.60394388942892,0.187046632124352,0.562244376278119,150.9063775,-76.6898,43.1469,"0704-0025"
"0705KEU0388",186,6.1,1.80828877117927,0.425871740749391,45649000,10.0000563363929,0.350213130234487,0.19775459629241,70.09181827,-77.1395,42.4934,"0705-0003"
"0705PUN0378A",NA,12.8,2.54944517092557,0.318853394639958,52000,1078.74876230769,0.224144978879956,0.222184646601285,17.84371474,-76.9,42.37,NA
"0705SEN0369",190,9.7735,2.27967464141094,0.538843107894611,174176000,10.5637276145967,0.415768657702525,0.236488896715523,45.94196082,-76.89647,42.66927,"0705-0021"
"0705SEN0369",190,9.7735,2.27967464141094,0.538843107894611,174176000,10.5637276145967,0.415768657702525,0.236488896715523,45.94196082,-76.89647,42.66927,"0705-0026"
"0705SEN0369",190,9.7735,2.27967464141094,0.538843107894611,174176000,10.5637276145967,0.415768657702525,0.236488896715523,45.94196082,-76.89647,42.66927,"0705-0014"
"0705UWB0378B",NA,11.3,2.42480272571829,0.307947853223939,40000,1343.70382125,0.212448192082321,0.211645101663586,18.09501916,-76.9126,42.3652,NA
"0706OWA0212",54,8.9,2.18605127673809,0.569687422119301,26986000,19.366126354406,0.44303761289585,0.287207018080962,35.38496627,-76.5282,42.8738,"0706-0009"
"0707SKA0193",91,4.12,1.41585316336144,0.525549683872794,34902000,5.3999554610051,0.433556644335566,0.372501589095275,93.67177121,-76.3503,42.8451,"0707-0004"
"0801BRA0689",22,8.85,2.18041745901984,0.0795257874697127,1239000,9.56364071832123,0.0995697602950215,0.727923627684964,285.5203063,-75.2784,43.6937,"0801-0176"
"0801BUG0789",26,5,1.6094379124341,0,324000,3.73616366975309,0,0.209761163032191,0,-74.7297,43.7688,"0801-0377"
"0801CHA0597",21.5,10.4645,2.3479885764479,0.0730999625608386,446000,23.1078872197309,0.0848546315077755,0.710281227173119,106.8466839,-75.3029,43.7576,"0801-0321"
"0801DAR0750",9.4,2.5,0.916290731874155,0.0113983024920675,554000,202.550305956679,0.0270387279596977,0.52351612062223,14.5360323,-74.8627,43.796,"0801-0242"
"0801EFF0426",9.1,6.3,1.84054963339749,0.00875001828100092,1228000,545.21323460912,0.0109722071653134,0.478975530694877,4.252618618,-75.2692,43.9256,"0801-0172"
"0801EIG0790",23.5,2.5,0.916290731874155,0.0280026252461168,1227000,4.35953805867971,0.09353507565337,0.347197898423818,0,-74.7024,43.779,"0801-0378"
"0801GUL0969",2.4,8.3,2.11625551480255,0,545000,6.04599779082569,0,0,0,-75.0589,43.5518,"0801-0434"
"0801IND0647",3,6.5,1.87180217690159,0,204000,8.03659179411765,0,1,0,-74.9782,43.7727,"0801-0327"
"0801KAY0984A",5.8,8.9,2.18605127673809,0.0275411409865919,1360000,272.681406029412,0.0265719368619052,0.54472241430406,12.08303526,-75.1739,43.3997,"0801-0204"
"0801LIM0826",19.08,1.5,0.405465108108164,0.013986013986014,1857000,7.57361910070005,0.0185234188938873,0.417700824849521,38.60756623,-74.7995,43.7126,"0801-0388"
"0801LON0922",9.2,6.7,1.90210752639692,0.0377981260647359,622000,29.1982588585209,0.059742796679147,0.0584651560495938,118.3416393,-75.1559,43.5527,"0801-0418"
"0801LSA0735",3.4,14.1,2.64617479738412,0.00783289817232376,463000,18.6289102721382,0.0201612903225806,0.685281433152715,0,-74.9677,43.7558,"0801-0358"
"0801MEI0420",5.9,8,2.07944154167984,0,27000,3.19796063740741,0,1,0,-75.2474,43.9566,"0801-0286"
"0801MOS0746",8.5,5.4,1.68639895357023,0.00749591806442036,473000,27.6084983086681,0.00730193501277839,0.578986256834639,0,-74.8474,43.7861,"0801-0362"
"0801NIC0804",3.19,11.5,2.4423470353692,0.0190157584294392,838000,13.2223018615752,0.0274706867671692,0.380621925509487,2.345002672,-74.9926,43.6736,"0801-0379"
"0801OTT0926",7,13,2.56494935746154,0.0868558193398958,540000,9.74749273518518,0.165156794425087,0.153993855606759,401.1355963,-75.1146,43.5921,"0801-0205"
"0801SAN0436",5.3,9.5,2.2512917986065,0.0266199649737303,310000,9.26881128064516,0,0.00635368866925521,0,-75.16,43.9492,"0801-0055"
"0801SIX0787",10.84,4.1,1.41098697371026,0.0372943158477764,3739000,11.9326280021396,0.0663114268798105,0.472267010641728,44.32174369,-74.7732,43.7476,"0801-0376"
"0801STI0493",14.58,6.3,1.84054963339749,0.00542169580505953,25460000,18.2229230164965,0.00801609872108301,0.457453431536226,3.396903664,-74.9543,43.9127,"0801-0281"
"0801WOO0982",19,4,1.38629436111989,0.00124339446689462,4451000,4.25261717366884,0.00602954476936991,0.512267474198134,3.966736468,-74.9847,43.592,"0801-0441"
"0902BAR0262",3.5,21.75,3.07961375753469,0.0304209409267775,364000,7.98832117857143,0.126623376623377,0.0798289379900214,0,-74.2595,44.46,"0902-0158"
"0902DEE0073",8,18.451,2.91511856955975,0.0226890542193233,1524000,48.023737683727,0.0282068015372344,0.274257325357396,12.68524416,-74.3008,44.6509,"0902-0102"
"0902EAG0083",2,12.1,2.4932054526027,0.0671834625322997,148000,8.16754624324324,0.10958904109589,0.507758620689655,238.0394467,-74.2738,44.669,"0902-0104"
"0902HOR0078",12.7,18.7,2.92852352386054,0.0358784207227909,176000,101.944838806818,0.0606909430438842,0.371465561885034,42.84171703,-74.2906,44.6697,"0902-0104"
"0902WHI0158",1.9,17.7,2.87356463957978,0,34000,5.97872937352941,0,0.783783783783784,0,-74.3014,44.3769,"0902-0134"
"0903BLU0307",31.2,2.5,0.916290731874155,0.019752778569393,6880000,8.44546005523256,0.0340748456216055,0.40116755063539,19.17443719,-74.4573,43.8587,"0903-0204"
"0903BRI0178",6.6,11.1,2.40694510831829,0.0247811613857724,720000,42.9772381388889,0.0380505887483646,0.336277661599925,35.28038998,-74.5832,44.1632,"0903-0154"
"0903EAT0248",16.4,2.5,0.916290731874155,0.0236728115241261,2283000,4.92369898379325,0.0416949152542373,0.0636891648307631,73.57844812,-74.4664,43.9789,"0903-0056"
"0903FOL0186",32,2.5,0.916290731874155,9.75578029982765e-05,3919000,8.05232528195968,0.00014883167137967,0.50973698754836,0,-74.378,44.1565,"0903-0159"
"0903LBR0316",8.77,5.1,1.62924053973028,0.0226489028213166,620000,19.985090516129,0.0307082714214958,0.158344999222274,10.04134557,-74.6989,43.8095,"0903-0210"
"0903LSI0182",34.1,2.5,0.916290731874155,0.0163194905134669,602000,12.224777051495,0.0455010224948875,0.570670205706702,0,-74.4444,44.1542,"0903-0158"
"0903RAQ0293",27.5,5.335,1.67428888475372,0.0129485427327337,21375000,14.886926994152,0.021155846539803,0.409052094939702,17.20044883,-74.6376,43.8396,"0903-0081"
"0903SHA0324",7.9,13.6,2.61006979274201,0,1071000,14.3343685807656,0,0.536406360651516,0,-74.7408,43.8183,"0903-0213"
"0903SOU0017A",10,4.95,1.5993875765806,0.0176107892358913,866000,2797.9615369515,0.021480024580797,0.405779776023603,7.439013375,-74.8659,44.5276,"0903-0069"
"0903UPR0239",20.5,5.2,1.64865862558738,0,321000,11.5721172523364,0,0.442099709839093,0,-74.0886,44.1261,"0903-0178"
"0904HUC0291",10.1,5.3,1.66770682055808,0,237000,9.30461637130802,0,0,0,-75.3364,44.3245,"0904-0026"
"0904SIL0351",5.5,8.55,2.14593128294867,0.127316680096696,442000,3.59934997058824,0.203562340966921,0.33739837398374,93.43555914,-74.8266,44.2269,"0904-0059"
"0905CRY0289",7.5,7.7,2.04122032885964,0.118110236220472,50000,3.471691668,0.116504854368932,0.891472868217054,0,-75.0685,44.1018,"0905-0030"
"0905FRE0228",15.9,5.2,1.64865862558738,0.103658536585366,77000,7.17146967792208,0.087431693989071,1,109.5624083,-75.2276,43.9778,"0905-0165"
"0905LOW0061",2,38.25,3.64414356027254,0.128407784025006,158000,9379.94296202532,0.116181456942768,0.411163150862824,7.528709302,-75.3084,44.583,"0905-0119"
"0905MOO0071",5.8,21.5,3.06805293513362,0.150635208711434,905000,4.91332729171271,0.202777777777778,0.103749191984486,241.7612131,-75.7324,44.2543,"0905-0093"
"0905MUD0227",8.5,16.1,2.77881927199042,0.00985127505830477,266000,271.342682030075,0.0136945071482318,0.277738219362714,3.639788167,-75.2194,43.9749,"0905-0164"
"0905ROC0231",10.1,12.9,2.55722731136763,0.00657794729350635,63000,1054.65396142857,0.00752602081665332,0.271963762029987,1.288863744,-75.1967,43.9959,"0905-0166"
"0905SUC0274",2.1,10.3,2.33214389523559,0.0523903077930583,352000,8.88587517897727,0.0589239965841161,0.210526315789474,34.74011911,-75.1197,44.1796,"0905-0173"
"0905SYL0088",34,2.5,0.916290731874155,0.103547115729129,1251000,7.07527246442846,0.171059709521248,0.13135593220339,251.5397361,-75.4136,44.2533,"0905-0132"
"0906BLA0001",7.9,46.571,3.84097802981506,0.245848702900491,18985000,73.0789442717935,0.22645142548865,0.230073859593159,18.05265416,-75.5688,44.538,"0906-0001"
"0906BON0024",29.16,7.4,2.00148000021012,0.0650126728347998,5664000,8.75418342161017,0.0684420109507217,0.445643494330497,99.3729391,-75.3822,44.1475,"0906-0016"
"0906BUT0054",16,13.516,2.60387416885204,0.221486312926541,3887000,11.3765323514278,0.207837301587302,0.0214578731461029,111.0851443,-75.7752,44.3165,"0906-0020"
"0906GRA0051",16.5,15.35,2.73111547403321,0.0646258503401361,1291000,5.18587216034082,0.143646408839779,0,22.85997024,-75.7152,44.34,NA
"0906HIC0004",8.9,23.15,3.14199478053224,0.0446937321937322,1967000,3.62798915251652,0.0582306830907055,0,102.3921453,-75.5164,44.4641,"0906-0029"
"0906MIL0055",50,7.6,2.02814824729229,0.167230873392011,1900000,4.80605156421053,0.223506743737958,0.0441736481340442,130.5765116,-75.7675,44.2922,"0906-0064"
"0906MUD0003",9.3,22.25,3.10234200861225,0.383785850860421,2128000,6.49688833646617,0.206914614981666,0.0525033229951263,4.121110929,-75.4616,44.5033,"0906-0028"
"0906MUD0005",5.6,20.4,3.01553490085017,0.0613026819923372,69000,28.4800190144928,0,0,0,-75.5998,44.3699,"0906-0036"
"0906MUS0008",8.1,22.7,3.12236492448736,0.0902920608802962,1053000,9.57706225071225,0.067658349328215,0.0324139319508758,11.69096584,-75.689,44.3005,"0906-0037"
"0906OTH0009",30.5,6.2,1.82454929205105,0.233828461907044,651000,4.15295707987711,0.279932546374368,0.0422832980972516,189.6639923,-75.7278,44.3154,"0906-0038"
"0906RED0010",15,11.55,2.4466854369678,0.0487531521434576,1453000,5.45321462284928,0.0372736954206603,0.258762689140011,14.96152287,-75.7363,44.2685,"0906-0039"
"0906SIX0056",32,5.05,1.61938824328727,0.204410220511026,486000,6.33836580658436,0.342943854324734,0,99.9593064,-75.775,44.2798,"0906-0065"
"0906UWB5014",6.2,97.15,4.57625617582345,0.39236641221374,91000,7.55118295714286,0.294117647058824,0.107719928186715,0,-75.7397,44.3094,NA
"1002ALI5018",0.75,18.1,2.89591193827178,0.199686712524688,251000,53.3668399203187,0.260302401423066,0.214154411764706,17.51706659,-73.4847,44.8672,"1002-0022"
"1002CHA0020",22,7.3,1.98787434815435,0.0300708576215575,7317000,8.07305874128741,0.056820935304095,0.38148988136776,49.44304795,-73.8198,44.739,"1002-0009"
"1003CLE0199",17.5,9.3,2.23001440015921,0.0320129226476743,4346000,6.69874005982513,0.0681699003670687,0.176741634668129,56.29472181,-74.2523,44.3692,"1003-0109"
"1003COL0106",15.6,7.2,1.97408102602201,0.176173499702911,1162000,6.2540196919105,0.124668435013263,0.482015457788347,42.36024896,-74.1532,44.3429,"1003-0079"
"1003FRA5095",6.9,17.7,2.87356463957978,0.0435183965866891,1578000,477.770452978454,0.0448726441654798,0.354036170686437,22.92300896,-74.0007,44.4132,"1003-0045"
"1003KUS0055",27,9.8,2.28238238567653,0.0329138559049009,1394000,53.0657730918221,0.0418052615663744,0.323031931710402,27.14226098,-74.1145,44.5176,"1003-0062"
"1003MOO0083",23.9,5.85,1.76644166124377,0.000103439358675976,636000,28.3375986006289,0.000737735153080044,0.255722626982897,0,-74.0627,44.3718,"1003-0069"
"1003ROL0168",18.6,9.4,2.24070968927596,0.016319068255688,1828000,16.5704506509847,0.03125,0.436968862315676,0.98802887,-74.4138,44.3106,"1003-0100"
"1003UNI0074",7.3,24.2,3.18635263316264,0.0403443098138508,6687000,127.489769732316,0.0412518701806882,0.356048619728577,20.00337801,-73.9398,44.4896,"1003-0040"
"1004AUG0213",7.7,20.156,3.00350201081835,0.0642605894002542,1442000,22.646738592233,0.0701970443349754,0.480297243686532,29.88192944,-73.5014,44.4578,"1004-0050"
"1004BUT0218",3.9,24.9,3.21486780347066,0.0376329961907264,657000,21.7836158143075,0.0724810832337714,0.419312430158417,0,-73.4966,44.4298,"1004-0053"
"1004FER0222",7,6.8,1.91692261218206,0.0635206199833933,1641000,4.96415650274223,0.177833437695679,0.707478211976385,230.2164742,-73.7184,44.4888,"1004-0060"
"1004LCA0270",14.1,2.5,0.916290731874155,0.0292887029288703,91000,54.5126751758242,0.094314381270903,0.468864468864469,0,-73.8632,44.236,"1004-0075"
"1004LIN0315",10.5,6.3575,1.84963521831414,0.0334524364351924,2561000,14.8345412065599,0.0556118428458854,0.787734622783757,30.5899088,-73.5805,44.1299,"1004-0090"
"1004MIL0318",6,13.4,2.59525470695687,0.0358169356621711,217000,19.9613811935484,0.0306965761511216,0.567127564674398,3.543477981,-73.5482,44.114,"1004-0091"
"1004MIR0250",19,5.8255,1.76224483267786,0.386312640239342,458000,6.48282371834061,0.603174603174603,0.908239700374532,9.254800173,-73.9821,44.289,"1004-0067"
"1004NIC0314",10.1,6.5,1.87180217690159,0.00157109190887667,325000,4.48986810769231,0.00431965442764579,1,0,-73.5127,44.1588,"1004-0089"
"1004RUS0316",6,11.4,2.43361335540045,0.032393850658858,97000,54.2915890103093,0.0311890838206628,0.641485038788327,2.994850414,-73.5572,44.1161,"1004-0091"
"1004UCA0271",21,2.5,0.916290731874155,0.0327723649247121,81000,26.4627819259259,0.0650577124868835,0.808237378210806,0,-73.8783,44.2234,"1004-0075"
"1005BAR0338",6.7,10.4,2.34180580614733,0.0443706353261795,398000,27.7319861557789,0.0394819962097284,0.69328165374677,13.1212848,-73.5108,44.1065,"1001-0027"
"1005BUT0452",2.7,12.1,2.4932054526027,0,330000,8.3821004030303,0,0.83231474407945,8.801962858,-73.7357,43.3713,"1005-0050"
"1005BUT5350",15.2,9.7,2.27212588550934,0.0176388403772267,46000,116.84177226087,0.024390243902439,0.91478834524464,4.701076602,-73.7274,43.3497,"1005-0049"
"1005GLE0441",16,7.6,2.02814824729229,0.240725577879952,1351000,22.4817040266469,0.193587563760019,0.909064849025354,153.8802376,-73.6732,43.3636,"1005-0009"
"1005HAD0432",13.3,7.2675,1.98341235345089,0.0546208340041861,777000,30.6415989060489,0.0712656019326265,0.438376835236542,91.18559343,-73.572,43.4237,"1005-0040"
"1005PEN0351A",2.5,56.5,4.0342406381524,0.035585818606162,677000,113.264408301329,0.0482454184688099,0.674521998979617,6.566707717,-73.5397,43.9054,"1005-0060"
"1005PIN0398",6.5,2.5,0.916290731874155,0,275000,11.4500813418182,0,0.260925865976044,0,-73.4599,43.602,"1005-0025"
"1005SUN0440",9.5,11.047,2.40215889789014,0.744493392070485,134000,2.64517010746269,0.700680272108844,1,1859.575802,-73.6397,43.3753,"1005-0047"
"1005UWB0454",5.9,9,2.19722457733622,0.422821466524973,42000,487.934876666667,0.192029954533298,0.930003110972846,74.45987468,-73.6631,43.3294,"1005-0051"
"1005WIL0455A",5.4,9.5,2.2512917986065,0,58000,11.1669844448276,0,0.871835443037975,0,-73.7583,43.356,"1005-0052"
"1006CRA0380",3,19.8,2.98568193770049,0,49000,4.46141373265306,0,0.441176470588235,34.35101238,-73.6779,43.552,NA
"1006EDG0381",12.1,6.7,1.90210752639692,0.00381776533469076,145000,25.5038101310345,0.00764818355640535,0.710459828196059,20.14904845,-73.6881,43.5776,"1006-0028"
"1006GEO0367",56.4,5.2615,1.66041615719873,0.0749273952123713,114700000,5.25335770531822,0.113080187658962,0.606099167673356,78.5883032,-73.4988,43.6539,"1006-0016"
"1006JAB0394",23.5,5.7,1.7404661748405,0,599000,3.72765917529215,0,0.766818700114025,0,-73.5387,43.7028,"1006-0030"
"1101BAL1090",36,31.795,3.45930904471937,0.418115030101017,1037000,26.4032664995178,0.262246117084827,0.076836312677308,156.078388,-73.8578,42.9388,"1101-0036"
"1101LON0030",12.02,19.7,2.98061863574394,0.480257748393268,565000,96.4621265486726,0.270534433285509,0.80692528687354,52.90516478,-73.7411,43.0537,"1101-0034"
"1101LOU0035",5.5,40.4,3.6988297849671,0.406439423758167,259000,45.2228127413127,0.300881953867028,0.97342899944808,95.89293171,-73.7651,43.0997,"1101-0068"
"1101MEC1083",6.3,14.8,2.69462718077007,0.0587328287075974,92000,70.1740832717391,0.0112903225806452,0.632696390658174,5.852946031,-73.7298,42.9391,"1101-0059"
"1101MOR0101",18,5.85,1.76644166124377,0.0456730769230769,430000,9.69211553488372,0.0111265646731572,1,2.789099959,-73.7119,43.2313,"1101-0084"
"1101MUDXXX1",NA,14.8,2.69462718077007,0.0802524797114518,85000,23.6213585647059,0.00526315789473684,1,0,-73.71029,43.24319,NA
"1101ROU1089",18,25.198,3.22676462628844,0.43405842302945,1252000,55.9293780031949,0.29199568255411,0.257931328414267,89.49019855,-73.7829,42.934,"1101-0060"
"1101SAR0027",29.6,16.75,2.81839825827108,0.294110045444981,15059000,37.1913291453616,0.197986098624123,0.539619589366875,40.23007216,-73.7415,43.0167,"1101-0012"
"1101TRO0459",5.5,17.65,2.87073578337931,0.286624203821656,173000,23.9872763352601,0.349526066350711,0.0412979351032448,87.67336456,-73.6341,42.7646,"1301-0274"
"1102BAB1109",13.1,8.5,2.14006616349627,0.307792207792208,176000,5.01997616022727,0.559726962457338,0,883.3097943,-73.3995,42.8168,"1102-0014"
"1102LAU1121",24.8,9,2.19722457733622,0.313779278328761,253000,18.3744220316206,0.434650455927052,0.198237885462555,3.974249429,-73.3741,43.0898,"1102-0011"
"1102TAC1129",31.5,6.201,1.82471056936774,0.086687306501548,113000,11.4492838318584,0.497237569060773,0,471.3530155,-73.4127,42.7355,"1102-0029"
"1102TOM1095",13,12.2,2.50143595173921,0.319283562102444,6366000,26.4974733113415,0.291057930746019,0.0454218172357251,29.94620613,-73.5682,42.8574,"1102-0006"
"1103COS0079",24.5,21.517,3.06884332037131,0.300824354147735,2554000,11.9529768559123,0.367134007173133,0.0541480193808485,234.3187749,-73.4234,43.2006,"1103-0002"
"1103SUM0080",9.8,12.3,2.50959926237837,0.211665098777046,287000,4.40743095121951,0.492957746478873,0,769.7716921,-73.4632,43.2102,"1103-0015"
"1104ALG0276A",5.9,10.9,2.3887627892351,0.0151783038245476,943000,713.437330010604,0.0278037140782239,0.465731217613902,11.79702302,-74.2933,43.396,"1104-0173"
"1104ARB0684",7.9,7.5,2.01490302054226,0.0170471841704718,476000,7.21589212184874,0.0180623973727422,0.0819921044640146,0,-74.2413,43.9869,"1104-0297"
"1104BEA0348",3.3,10.8,2.37954613413017,0.0641876936697654,180000,12.2888535277778,0.29136690647482,0.491127098321343,263.1852246,-73.7175,43.7487,"1104-0200"
"1104BRA0347",27,5.065,1.62235413770065,0.0402028012153023,5722000,17.9702807409997,0.0762439807383628,0.593413625466805,2.745148943,-73.7026,43.7161,"1104-0037"
"1104CAT0685",14.4,6,1.79175946922805,0.0098949238734185,2760000,23.063485307971,0.0145892563220111,0.233837478355476,0,-74.2702,44.0191,"1104-0298"
"1104CLE0458",21,2.5,0.916290731874155,0.00544498685692828,470000,11.6935783765957,0.00099304865938431,0.47278976513271,0,-73.8237,43.999,"1104-0238"
"1104COU0690",2.4,14,2.63905732961526,0.00680223502007803,247000,259.166478178138,0.00553850260242893,0.314419918160337,0,-74.2739,43.9789,"1104-0304"
"1104DUC0387",0.503,5.3,1.66770682055808,0.00260459059091649,27000,230.527016666667,0.00871188550093342,0.4737870400521,14.71137223,-73.9698,43.8666,NA
"1104DUR0641A",3.1,7.6,2.02814824729229,0.00551838011645086,1437000,30.2813672790536,0.00689859071646792,0.392306185948345,0,-74.4083,43.8431,"1104-0059"
"1104EAG0438",13,5.9,1.77495235091167,0.0365432098765432,1320000,5.17743285075758,0.133018867924528,0.674983585029547,189.6399754,-73.5831,43.8808,"1104-0235"
"1104EFN0129",18.9,6.3,1.84054963339749,0.0422490720998184,400000,31.6680245,0.0848117697966248,0.954192423521953,105.5040405,-73.9286,43.2663,"1104-0105"
"1104FIF0626C",19.7,10.6,2.36085400111802,0.0386686245717083,267000,43.3961951310861,0.0596577017114914,0.436766623207301,0,-74.2326,43.8893,"1104-0281"
"1104FOR0340",3.55,12.106,2.4937011974695,0.0347322720694645,96000,7.26207231354167,0,0.752958579881657,18.57252455,-73.7703,43.5649,"1104-0193"
"1104FOU0325",13.7,16.2,2.78501124223834,0.0416016902258665,205000,264.180322243902,0.0745061646559724,0.883687871249429,38.5826016,-73.8244,43.3577,"1104-0182"
"1104FRI0365",9.75,7.585,2.0261726128005,0.119037387193812,1793000,8.05476434467373,0.14602844259452,0.793086027713626,172.6040192,-73.844,43.6259,"1104-0205"
"1104GAR0520",8.6,8.2,2.10413415427021,0.00748542083732266,1164000,19.0758485996564,0.0261894369271061,0.595962279187143,13.29311796,-74.0223,43.5183,"1104-0255"
"1104GIL0281",NA,11.5,2.4423470353692,0.0172077922077922,186000,30.6850387258065,0.0516473731077471,0.46188850967008,6.67366878,-74.3153,43.4642,"1104-0167"
"1104GOO0265",5.5,13.7,2.61739583283408,0,329000,15.5866327629179,0,0.499334980049401,0,-74.542,43.2485,"1104-0113"
"1104GOO0442",21.5,2.5,0.916290731874155,0.00216450216450216,285000,6.92846261052632,0,0.814323607427056,0,-73.6072,43.8599,"1104-0236"
"1104GOO0672A",5.8,11.1,2.40694510831829,0.0194206068764373,1370000,48.672213,0.0399316542209847,0.442539433721956,30.89909805,-74.2159,43.918,"1104-0293"
"1104GRE0127",12.2,2.5,0.916290731874155,0.0409488313498635,94929000,27.1370293903865,0.0464149125480519,0.408293804597147,19.32765752,-73.9605,43.2913,"1104-0024"
"1104HAR0189",6,10.8,2.37954613413017,0.0192116940746541,314000,55.463508821656,0.0344827586206897,0.563114344421614,0,-74.0796,43.4078,"1104-0140"
"1104HEN0715",22.7,2.5,0.916290731874155,0.0046674936400143,1088000,40.4941425367647,0.0122501611863314,0.618064652440313,0,-74.0667,44.0921,"1104-0312"
"1104HUN0131",30,6.5,1.87180217690159,0.0357078772653867,534000,10.3827480318352,0.100732600732601,0.971181556195965,133.7864069,-73.905,43.2598,"1104-0105"
"1104IND0597",21.069,5.3,1.66770682055808,0.0148558970481456,20346000,24.905500344048,0.0194646238186154,0.403663159961635,11.77290168,-74.3299,43.6857,"1104-0021"
"1104IRE0136A",NA,15.7,2.75366071235426,0.00705574716530286,1066000,38.6430059849906,0.0102249488752556,0.248761870144032,0.353137125,-74.0194,43.1499,"1104-0114"
"1104JAC0151",NA,9.9,2.29253475714054,0.0170034149117814,412000,32.2355789805825,0.055045871559633,0.520011374138054,0,-74.2838,43.143,"1104-0125"
"1104JEN0130",8,6.65,1.89461685466776,0.0429076224129228,355000,22.5526958732394,0.0957654723127036,0.951336966163984,135.9520762,-73.9128,43.2673,"1104-0105"
"1104JOH0434",7.3,7.4,2.00148000021012,0.0198019801980198,329000,10.4255203465046,0.0723809523809524,0.626979472140762,50.98568358,-73.6915,43.9334,"1104-0233"
"1104KEN0258",NA,6.7,1.90210752639692,0.00720535254760679,188000,10.4811794840426,0.0119284294234592,0.484455958549223,0,-74.5725,43.3093,"1104-0162"
"1104LEN0332",NA,14.6,2.68102152871429,0.00209125475285171,380000,12.7342184052632,0.00159066808059385,0,0,-74.0137,43.3969,"1104-0187"
"1104LOO0367",11,6.1,1.80828877117927,0.0753617305071476,2376000,14.1262696043771,0.163952745849298,0.714930402930403,170.4614552,-73.8603,43.6802,"1104-0031"
"1104LUZ0318",33.4,8.441,2.13310078500158,0.0611303977935425,370000,179.986765675676,0.0846083148618695,0.888641209536732,58.70432952,-73.8326,43.3228,"1104-0075"
"1104MAS0613",NA,10.8,2.37954613413017,0.0968020743301642,372000,3.8271791344086,0.136470588235294,0.193013100436681,0,-74.4212,43.597,"1104-0275"
"1104MUD0630",NA,13.4,2.59525470695687,0.082810539523212,84000,9.67942111547619,0,0.740324594257179,0,-74.2561,43.8809,NA
"1104OXB0252",3.1,13,2.56494935746154,0.0499925272754446,1201000,11.1462351290591,0.0747217806041336,0.150171411536742,86.45510667,-74.4814,43.4424,"1104-0049"
"1104PAR0432",19,8.45,2.13416644136908,0.0234949421162122,3669000,32.9113486781139,0.0575683013745121,0.520229653217289,31.19322581,-73.7111,43.883,"1104-0232"
"1104PLE0313",21.8,6.94,1.93730177451871,0.0562943534054836,5802000,14.8972742519821,0.0680637650008956,0.253713896059617,48.41130122,-74.3638,43.4872,"1104-0051"
"1104RIC0152D",6.7,9.7,2.27212588550934,0.00798472487415379,70000,75.9706115857143,0.0400444938820912,0,0,-74.3383,43.094,"1104-0127"
"1104ROC0424",22.4,2.5,0.916290731874155,0,227000,8.01320928193833,0,0.689134224288204,0,-73.5967,43.8495,"1104-0230"
"1104ROC0637",4.9,9.9,2.29253475714054,0.00831920637910467,1045000,57.6773223253589,0.00894669573716262,0.400440286186021,0,-74.333,43.8288,"1104-0284"
"1104ROU0137",7.6,34.2,3.53222564406856,0.00104547830632514,214000,9.03664859345794,0,0,0,-74.0123,43.1455,"1104-0115"
"1104SAC0314",19.5,8.05,2.08567209143047,0.0409231314065359,6388000,8.25921947871008,0.0448559263293395,0.328467010631645,41.14672045,-74.4217,43.4806,"1104-0050"
"1104SCH0374",74,6.5,1.87180217690159,0.0286694675323888,16829000,64.0044296155446,0.0413437401407388,0.508549856232105,15.28191457,-73.778,43.7748,"1104-0002"
"1104THI0540",41.1,5,1.6094379124341,0.00519042804179306,1306000,21.6213151301685,0.000958670643374521,0.876879826581764,0,-74.1271,43.7039,"1104-0260"
"1104WAK0666",2.7,16.5,2.80336038090653,0,158000,6.17604575632911,0,0.83956043956044,0,-74.4677,43.7396,"1104-0003"
"1104WHI0603",3.4,4.45,1.49290409617815,0.0175751400916964,590000,12.967511620339,0.0265132566283142,0.200837350926161,12.47786785,-74.3739,43.5677,"1104-0274"
"1201ANN0496",NA,31.8,3.45946628978613,0.68145708196086,51000,182.917885941176,0.471441523118767,0.431254047053745,9.811874963,-73.813,42.7379,"1201-0096"
"1201CAN0717",67,4.75,1.55814461804655,0.0201716159755604,3506000,30.6633854249857,0.0482195224130708,0.276084102232055,64.87366364,-74.5293,43.1654,"1201-0050"
"1201COL0519",NA,25.9,3.25424296870549,0.624548736462094,204000,3.35106983676471,0.374517374517374,0.76158940397351,0,-73.9538,42.8258,"1201-0077"
"1201COR0664",12.9,2.5,0.916290731874155,0.0239952601955169,162000,57.2416744382716,0.0133333333333333,0.449092344119968,0,-74.4646,43.0414,"1201-0120"
"1201ECA0697",16,7.9,2.06686275947298,0.118150861624187,2189000,8.98102262220192,0.227768354737097,0.0960358781380484,375.8630729,-74.48,43.1278,"1201-0046"
"1201ECA0703A",7,11.3,2.42480272571829,0.0867158694090426,854000,883.969918266979,0.0717625701397293,0.306826561057911,18.26048318,-74.7464,43.0331,"1201-0150"
"1201FEA0571",1.2,10.5,2.35137525716348,0.0953926022063595,157000,9.16629570700637,0.137931034482759,0,256.8580477,-74.1163,42.814,"1201-0114"
"1201GAL0563",7.25,10.7,2.37024374146786,0.200703361413266,2131000,11.347614317222,0.187087307410125,0.587922506183017,217.1686583,-74.0745,43.0307,"1201-0110"
"1201HOU0770",6.3,6.6,1.88706964903238,0,75000,20.0851774666667,0,0.235113566605279,0,-74.6661,43.2604,"1201-0186"
"1201KLO0708",7.9,6.55,1.87946504964716,0.000385951370127364,513000,5.4660370877193,0.000907441016333938,0.401623502126015,0,-74.7871,43.2329,"1201-0160"
"1201KYS0704A",NA,15.15,2.71800053195538,0.0718063359510261,893000,805.78238980963,0.0646486375156616,0.307478426139143,18.34170349,-74.7705,43.0682,"1201-0151"
"1201MAR0570",4.9,38.45,3.64935869595165,0.161445500410654,489000,16.9344302351738,0.233878292461399,0,66.30976733,-74.1119,42.8337,"1201-0113"
"1201MIRXXX1",2.8,44.5,3.79548918917219,0.464346833998859,88000,18.4565672386364,0.405376344086022,0.442675159235669,48.28865349,-74.99265,43.03946,"1201-0196"
"1201NIN0719",NA,5,1.6094379124341,0,456000,4.2857088377193,0,0.946859903381642,0,-74.5512,43.1935,"1201-0167"
"1201PEC0686",16.5,6.4,1.85629799036563,0.0440421160760144,5634000,8.64211920660277,0.0742822726360169,0.187384760516273,93.87253338,-74.4133,43.1106,"1201-0016"
"1201PLE0745",16,6.1,1.80828877117927,0.0559225011008366,998000,5.14276428957916,0.202247191011236,0.0586040386303775,298.482346,-74.5998,43.1884,"1201-0175"
"1201SPE0760",13.5,5.1,1.62924053973028,0,677000,7.71138760118168,0,0.535155435009389,0,-74.5789,43.2382,"1201-0181"
"1201UWB0940A",12.9,19.7,2.98061863574394,0.324766355140187,153000,23.6699243333333,0.130781499202552,0.306189821182944,33.65742092,-75.0286,42.9861,"1201-0198"
"1201UWB5549",1,72.2,4.27944004589878,0.741247980303147,54000,218.006378148148,0.627465857359636,0.140829694323144,5.634552931,-73.6975,42.7559,NA
"1201VAN0689",3.6,6.2,1.82454929205105,0.0265518478650879,545000,24.6259347155963,0.0635818908122503,0.184176300578035,112.9248607,-74.3608,43.1195,"1201-0139"
"1202BEA0596",NA,31.9,3.4626060097908,0.0825301204819277,178000,9.43296163483146,0.287719298245614,0,799.8854848,-74.5948,42.5919,"1202-0037"
"1202COB0583",5.5,23.4,3.15273602236366,0.345226615236258,128000,37.6111815625,0.474439461883408,0.130644538788113,10.82134529,-74.4436,42.6643,"1202-0015"
"1202COL0649",3.6,13.3,2.58776403522771,0.00656141070330121,108000,124.436020555556,0.0106035889070147,0.0345843035200657,0.8325064,-74.1198,42.2355,"1202-0064"
"1202ECH0605",1.2,36.5,3.59731226058845,0.263986013986014,92000,16.8837697717391,0.110032362459547,0.0188335358444714,46.79468784,-74.1939,42.7082,"1202-0042"
"1202ENG0589",4.3,37.4,3.62167070442049,0.219409282700422,121000,20.2982238429752,0.145395799676898,0.306805074971165,6.117390034,-74.6523,42.757,"1202-0009"
"1202FAW0605B",NA,43,3.76120011569356,0.0522527709802793,72000,89.15325625,0.0771449170872386,0.0117323290845886,0,-74.1679,42.5622,"1202-0006"
"1202MAY0643",NA,75.55,4.32479468871875,0.323694124834538,159000,56.5160042767296,0.325569620253165,0.0402081845086233,15.84777265,-74.5617,42.4148,"1202-0055"
"1202RIP0656A",1.6,15.5,2.7408400239252,0.114796246304152,83000,84.7190193012048,0.173237753882915,0.0284113123941092,18.64112688,-74.1276,42.1916,"1202-0070"
"1202ROS0616",NA,21.6,3.07269331469012,0.08,122000,4.73278445737705,0.0199203187250996,0,23.85967555,-74.5311,42.5965,"1202-0049"
"1202SUM0629",4.5,26.65,3.28278915061185,0.219721329046088,161000,6.25640431677019,0.49047619047619,0,743.1175472,-74.5815,42.5832,"1202-0014"
"1202TAN0655D",4,10.3,2.33214389523559,0,42000,29.5953647142857,0,0.0164670658682635,10.45720666,-74.1597,42.2113,NA
"1202UWB5180",1.3,45.8,3.82428409112014,0.338146811070999,37000,21.1741375189189,0.514970059880239,0,44.70070703,-74.0465,42.623,NA
"1202WHI0605A",NA,55.6,4.01818320125654,0.0492574257425743,48000,155.877335354167,0.0726092089728453,0.0156911581569116,0,-74.1569,42.5658,"1202-0006"
"1203DEE0911",2.4,6.7,1.90210752639692,0,134000,14.8590950746269,0,0.576155717761557,0,-74.7619,43.5547,"1203-0074"
"1203GLA0859",7.4,4.5,1.50407739677627,0,347000,12.188845870317,0,0.823041474654378,0,-74.634,43.4145,"1203-0062"
"1203HIN0799",20.9,8.9,2.18605127673809,0.021535155276142,11325000,84.7061890596027,0.0163749515501766,0.469400121578664,3.673942629,-75.0736,43.3326,"1203-0022"
"1203MET0821",7.4,8.6,2.15176220325946,0,50000,26.33276188,0,0.727272727272727,0,-74.7198,43.2995,"1203-0002"
"1203UWB0798E",2.3,12.7,2.54160199346455,0.101307189542484,25000,12.231429304,0,0.912457912457912,0,-75.1492,43.2666,NA
"1204MAD1051",35,13.3,2.58776403522771,0.628976486860304,130000,21.3701644461538,0.630718954248366,0.6778730703259,68.31342488,-75.5241,42.9016,"1204-0006"
"1301BAR0181",4.2,38.6005,3.65326522975477,0.257427843803056,118000,36.8121326949153,0.138755980861244,0.212761416986769,74.34197609,-73.8127,41.3595,"1301-0091"
"1301BOW0444",10.5,12.5,2.52572864430826,0.124789207419899,106000,10.9913502075472,0.376811594202899,0,638.3139576,-73.488,42.6483,"1301-0270"
"1301BRO0193A",2,29.5,3.38439026334577,0.144329896907216,101000,6.09165276732673,0.0698924731182796,0,43.56133184,-73.9947,41.3303,"1301-0170"
"1301BUR0386C",11,10.1,2.31253542384721,0.181031010873943,1047000,5.23874275931232,0.259226713532513,0.129993790105568,54.81417768,-73.5614,42.5947,"1301-0025"
"1301CAN0168A",4.8,10.05,2.30757263450508,0.0628984275393115,392000,6.48491155612245,0.0690826727066818,0.488994389296504,0,-73.8353,41.4565,"1301-0145"
"1301CHA0341A",14.9,17.5,2.86220088092947,0.209480708752013,837000,43.1865596654719,0.135003362474781,0.0247592847317744,53.56802531,-74.0688,41.5652,"1301-0190"
"1301CHO0437",4.3,39.6,3.67882911826043,0.219923860247923,247000,196.182518947368,0.201737992898524,0.130842361264647,59.81596728,-73.9838,41.7727,"1301-0208"
"1301COX6780",7.7,12.8,2.54944517092557,0.12548156301596,420000,12.6550885095238,0.159313725490196,0.109007352941176,10.82647672,-73.8778,42.4076,NA
"1301DUN0425",NA,12.05,2.48906465993666,0.0794956561851311,365000,67.6095741643836,0.104166666666667,0,42.02378956,-73.4799,42.7528,"1301-0262"
"1301DYK0445",11.5,6.5,1.87180217690159,0.147822905232345,690000,4.61706740144928,0.189044038668099,0,271.8050455,-73.4261,42.7234,"1301-0271"
"1301FOR0441",4.8,8.65,2.15755932094379,0.178329571106095,71000,6.71603672535211,0.366197183098592,0,436.5529724,-73.461,42.7321,"1301-0267"
"1301IND0167",30,10.528,2.35403837458296,0.0424328147100424,176000,4.63056092784091,0.0508982035928144,0.48300283286119,87.93752313,-73.8877,41.3731,"1301-0143"
"1301LAW0207",4.1,22.5,3.11351530921037,0.200173875244512,104000,40.9605956153846,0.438875305623472,0.00873934891850557,29.7729584,-73.9599,42.5391,"1301-0235"
"1301LIT0355",13.165,69.6,4.24276456734037,0.762829403606103,50000,26.06930892,0.413953488372093,0.855007473841555,12.6568325,-73.7412,42.6974,"1301-0248"
"1301LON0428",15,9.65,2.26695791535089,0.043455497382199,464000,4.69227631681034,0.0415800415800416,0,7.408968181,-73.4387,42.7921,"1301-0258"
"1301MEL0331",13.7,18.9,2.9391619220656,0.0131704980842912,28000,134.728494142857,0,0.318149124910094,0,-73.9673,41.4721,"1301-0183"
"1301MIL0426",NA,11.5,2.4423470353692,0.0592636935049386,79000,46.1904802025316,0.0843091334894614,0,4.106256502,-73.4492,42.7753,"1301-0258"
"1301MOH0179",5.3,92.7,4.52936847257181,0.750299162345433,415000,6.39200354939759,0.71047227926078,0.43208863356586,0,-73.8488,41.314,"1301-0149"
"1301OLA0963",NA,15.15,2.71800053195538,0.524271844660194,32000,3.907798221875,0,0,0,-73.8314,42.2118,NA
"1301ORA0340",8.2,42.35,3.74596842109806,0.263521948915207,1620000,17.4498240740741,0.110965772836276,0.00626873807576996,123.1395748,-74.1037,41.5488,"1301-0008"
"1301PEE0171",8.89,34.3,3.53514535417189,0.584158415841584,234000,7.96496312393162,0.602389078498293,0.707317073170732,913.0473893,-73.8828,41.3395,"1301-0147"
"1301POC0030",6.3,38.9,3.6609942506244,0.505819242714183,249000,116.210226827309,0.480663760371256,0.589392779691287,29.35469046,-73.8303,41.1236,"1301-0114"
"1301PUD5194",2.53,21,3.04452243772342,0.0772325020112631,235000,5.27866036595745,0.0714285714285714,0.846398305084746,0,-73.7894,41.4429,NA
"1301REN0336",6.8,29.45,3.3826939100976,0.491144708423326,69000,60.6320605797101,0.283967391304348,0.625824693685203,24.24378507,-73.8381,42.6987,"1301-0247"
"1301ROA0183B",5.9,13.25,2.58399755243223,0.166397041830367,476000,9.14645215546218,0.339285714285714,0.643883225208526,403.6265441,-73.8075,41.4388,"1301-0037"
"1301SEC0427",NA,16.9,2.82731362192903,0.0494845360824742,126000,25.3263812380952,0.0507246376811594,0,5.020977023,-73.4476,42.7799,"1301-0258"
"1301SEP0826",9.2,16.25,2.78809290877575,0.23797574236721,112000,19.8140474553571,0.217884130982368,0.266485998193315,53.45527816,-73.8376,41.9598,"1301-0214"
"1301SHA0424",20,9.7,2.27212588550934,0.0406871609403255,172000,6.66387722093023,0,0,0,-73.4573,42.7796,"1301-0261"
"1301SIL0184C",6.9,18.7,2.92852352386054,0.0204878978463884,335000,29.238267361194,0.0651641352278295,0.234051090009362,0,-74.0549,41.2904,"1301-0056"
"1301SLE6666",21,20.35,3.0130809118886,0.516215185043876,1228000,28.0338515960912,0.414796782387807,0.110874316939891,16.30727216,-73.8069,42.2944,"1301-0059"
"1301SNY0377",11.2,17.15,2.84199817361195,0.488632262721039,393000,7.48055400763359,0.567765567765568,0,24.79429992,-73.6347,42.6631,"1301-0043"
"1301SWA0030A",NA,97,4.57471097850338,0.153172866520788,68000,6.97164287794118,0,0.981981981981982,0,-73.8337,41.1096,NA
"1301TIB0183E",2.1,23.116,3.14052501845553,0.191208791208791,154000,5.59602438896104,0.212121212121212,0.924050632911392,410.9768555,-73.7782,41.4512,"1301-0034"
"1301TOM0150I",3.9,22.7465,3.12441128740758,0.273522975929978,43000,10.5431759697674,0.518181818181818,0.879120879120879,328.8544843,-73.9903,41.2716,"1301-0126"
"1301UWB0391B",1.1,146,4.98360662170834,0.521604938271605,42000,7.73288077619048,0.351351351351351,0,24.66549286,-73.5602,42.6338,NA
"1301UWB0420B",3.8,83.3,4.4224485491728,0.311807971110698,105000,324.500121142857,0.288149804359978,0.406142419560326,124.7933116,-73.8974,41.7412,NA
"1301VLY0262A",11.2,17.2,2.84490938381941,0.260385925085131,722000,11.8126016398892,0.146589259796807,0.136759581881533,2.330666924,-73.9556,42.612,"1301-0234"
"1301VOS0433",5.7,35.2,3.56104608260405,0.149912331969608,37000,84.8562187027027,0.127388535031847,0.0570676031606673,97.7671635,-73.5606,42.6569,"1301-0263"
"1301WEL0150C",9.3,14.9,2.70136121295141,0.0999297259311314,686000,10.8496531399417,0.103465851172273,0.844316674038036,0,-74.0747,41.2307,"1301-0124"
"1301WELXXX1",NA,165,5.10594547390058,0.179530201342282,28000,19.917422225,0.2,0.826989619377163,0,-74.06978,41.23307,"1301-0124"
"1301WHI0429",NA,17.65,2.87073578337931,0.0155820348304308,82000,13.0455873414634,0.0294117647058824,0,49.993977,-73.428,42.7803,"1301-0259"
"1301WIC0183A",8.9,7.55,2.02154756326093,0.0117281821317696,465000,12.5294338774194,0,0.554101221640489,5.070356584,-73.8229,41.425,"1301-0153"
"1302BAR0071",13.8,14.1,2.64617479738412,0.206419131529264,288000,5.92530896180556,0.172473867595819,0.753459119496855,120.2238265,-73.7406,41.4344,"1302-0115"
"1302BLU0122A",4.8,19.2,2.95491027903374,0.0529100529100529,5000,34.72831862,0.222222222222222,0.846994535519126,154.4192678,-73.5922,41.1916,NA
"1302CAR0062A",5,41.85,3.73409179693548,0.259135478525066,720000,46.8996975277778,0.303425774877651,0.533913633280579,151.1591295,-73.665,41.4585,"1302-0006"
"1302CAS0059B",2.56,66.8,4.2017030805426,0.679678530424799,116000,7.7240190637931,0.50354609929078,0.422039859320047,709.0595846,-73.71,41.3863,"1302-0100"
"1302CHI0075",17.5,11.95,2.48073127837752,0.481072555205047,182000,4.14201903461538,0.320197044334975,0.822047244094488,339.9806312,-73.7435,41.4419,"1302-0118"
"1302HEM0103H",1.6,17.5,2.86220088092947,0.0288461538461538,28000,20.9818504428571,0.0377358490566038,0.670988654781199,0,-73.5611,41.3096,NA
"1302HOW0127",8.4,80.55,4.38887810962298,0.149327671620665,107000,24.6249455327103,0.0598911070780399,0.57774607703281,83.65804481,-73.7037,41.1948,"1302-0147"
"1302KAT0107A",5,88.55,4.48356736422884,0.601626016260163,83000,6.3949277373494,0.673076923076923,0.970588235294118,0,-73.655,41.2853,"1302-0136"
"1302KEN5213",3.3,55.825,4.02222179772622,0.109665427509294,77000,7.20849573896104,0.111111111111111,0.823420074349442,37.68324467,-73.6966,41.4838,NA
"1302KIR0052",8.35,21.856,3.08447548338838,0.336600525938322,515000,15.5175044291262,0.310657596371882,0.377479438800194,220.0838789,-73.7498,41.3856,"1302-0080"
"1302LIN0057A",4.6,67.95,4.21877214059715,0.855938158819396,79000,17.0692609113924,0.80083857442348,0.728958630527817,632.0787654,-73.7254,41.342,"1302-0089"
"1302OSC0118",11,19.358,2.9631057707269,0.140367860600194,254000,20.2595193464567,0.184724689165187,0.527326150832517,0,-73.5614,41.2965,"1302-0141"
"1302PAL0061A",6.5,61.95,4.12632760807515,0.392725598526704,48000,41.3810595833333,0.719723183391003,0.636744186046512,281.3355501,-73.6734,41.4387,"1302-0103"
"1302PEA0093",8.5,23.4,3.15273602236366,0.429929320009749,981000,4.74754164831804,0.386415094339623,0.476167076167076,26.6302451,-73.58,41.363,"1302-0004"
"1302PUT0093B",5.4,55.9,4.02356438016105,0.201976178393385,880000,35.3390243636364,0.431149097815764,0.467200048124643,240.9164777,-73.5396,41.4664,"1302-0053"
"1302RIP0119",6,21.541,3.06995809590596,0.14300518134715,119000,8.33877649495798,0.207446808510638,0.365244536940687,0,-73.5628,41.3001,"1302-0141"
"1302SAG0076J",15,17.478,2.86094294720535,0.0663825700738251,415000,37.0840020481928,0.118295930011411,0.529976594850867,56.27238614,-73.7809,41.4732,"1302-0096"
"1302SEV0077C",3.9,37.922,3.63553141861201,0.140681415348257,210000,69.603386,0.129454926624738,0.65425917385862,89.80525394,-73.7492,41.4841,"1302-0121"
"1302TRU0115A",3.7,53.4,3.97781074596615,0.236107166524662,336000,29.4549309047619,0.28685790527018,0.538110625356396,0,-73.5534,41.2817,"1302-0054"
"1302UWB0044H",3.4,30.7,3.42426265459315,0.55440414507772,29000,6.85601346896552,0.590909090909091,0.768041237113402,0,-73.6631,41.2939,NA
"1302WAC0117",14.6,23.25,3.14630513203337,0.250436604959832,514000,17.0753910272374,0.282802547770701,0.408657804964122,0,-73.5841,41.2977,"1302-0140"
"1303BEA0234",8.3,53.521,3.9800741002493,0.411766910249204,650000,37.7214377230769,0.345863526570048,0.0627923023844208,40.09805094,-74.1159,41.442,"1303-0021"
"1303GOSXXX1",8.06,31,3.43398720448515,0.331726907630522,208000,6.43842281730769,0.195592286501377,0,0,-74.33183,41.38234,"1306-0076"
"1303ORA0239D",2.69,46.9,3.84801767545223,0.639271924986211,19000,85.9184191052632,0.874725274725275,0,0,-74.1918,41.3394,"1303-0023"
"1303UWB0320B",NA,35.7,3.57515068878559,0.460593220338983,38000,56.5436351842105,0.454773869346734,0.0717749757516974,78.37513326,-74.2903,41.3183,NA
"1304BEA0345A",17.3,9.3,2.23001440015921,0.0451485148514851,94000,24.9661533829787,0.109869646182495,0.358769476628046,33.1104728,-73.8826,41.4904,"1304-0017"
"1304PRI0351H",6.8,20.5,3.02042488614436,0.245320855614973,73000,167.013525205479,0.185483870967742,0.258170422325026,61.6426458,-73.6613,41.6131,NA
"1305SIL0378",8.6,17,2.83321334405622,0.143064633260712,452000,5.95042575663717,0.159645232815965,0.304062909567497,168.2774073,-73.8033,41.9157,"1305-0002"
"1305STI0409",8.9,20.65,3.02771531940704,0.397578692493947,289000,20.6311149653979,0.336147352264006,0.46032041728763,146.9848137,-73.6736,41.97155,"1305-0010"
"1305WAP0365",4,54.9,4.00551334851549,0.345230534298159,306000,1708.47899607843,0.29900298632224,0.338505219421806,60.8989223,-73.9165,41.6058,"1305-0001"
"1306AWO0781",NA,4.9,1.58923520511658,0.00135869565217391,319000,5.38792838557994,0.00431965442764579,0,0,-74.2904,41.7061,"1306-0102"
"1306BIN0735",3.7,66.5,4.19720194766181,0.327352618088612,238000,10.5843726134454,0.174311926605505,0,44.48860416,-74.5512,41.4103,NA
"1306GLE0668",2.01,19.75,2.98315349134713,0.186282533966279,1314000,4.77547376179604,0.26355748373102,0.0045391061452514,38.33102018,-74.3371,41.3262,NA
"1306HIG0492",9,15.6,2.74727091425549,0.104392106938256,465000,4.0248967139785,0.0936170212765957,0,0,-74.4813,41.4517,"1306-0060"
"1306MIL0515",2,75.1,4.31882055877009,0.287361053931659,96000,228.812142291667,0.19222986645083,0.0275166870998502,46.17980263,-74.5353,41.4389,NA
"1306MIN0775",NA,6.95,1.9387416595767,0.00539568345323741,97000,6.52809056804124,0.00694444444444444,0,0,-74.2355,41.7252,"1306-0098"
"1306MON0598",7,23.1,3.13983261752775,0.101522842639594,259000,5.8580282972973,0.0887290167865707,0,0,-74.4542,41.4584,"1306-0075"
"1306SHA0491",8.8,15.4,2.73436750941958,0.178669097538742,405000,9.49542955061728,0.122362869198312,0,0,-74.5009,41.4457,"1306-0060"
"1306STU0453A",26,122,4.80402104473326,0.382825172110427,765000,2650.75860522876,0.298500434436539,0.167442906210686,43.81413188,-74.0426,41.8436,"1306-0037"
"1306TIL0464A",NA,18.3,2.90690105984738,0.0694288913773796,91000,107.00711010989,0.111618467782851,0.117384843982169,45.94672611,-74.2483,41.6727,"1306-0051"
"1306ULS0799",3.7,25.144,3.22461929949527,0.134862566739173,251000,91.9287989641434,0.0781468043538934,0.036053915488299,31.57210942,-74.4896,41.7727,"1306-0119"
"1308LONXXX1",7.9,16.1,2.77881927199042,0.480333011583012,135000,59.7069346666667,0.327754532775453,0.287803094918972,121.8811874,-73.5912,42.06914,"1308-0018"
"1308LRH0888",21,14.8455,2.69769678902272,0.504193722943723,220000,32.3692929045455,0.353501400560224,0.263811212658573,65.98687458,-73.5941,42.0794,"1308-0018"
"1308ROB0902",10.6,26.8555,3.2904706416909,0.342404262818519,469000,186.756708550107,0.410815939278937,0.128375640319614,57.52043865,-73.5553,42.1181,"1308-0003"
"1308TWN0871",30,8.3,2.11625551480255,0.161264181523501,113000,10.8503430442478,0.349315068493151,0.167343623070674,780.7949823,-73.7947,42.0619,"1308-0016"
"1308URH0889",14.5,16.041,2.7751479446347,0.368932038834951,274000,11.0876244635036,0.290246768507638,0.1767578125,73.80302702,-73.5892,42.0947,"1308-0018"
"1308WILXXX1A",2.5,18.8,2.9338568698359,0.0677966101694915,17000,16.4048886588235,0.333333333333333,0.376681614349776,0,-73.72766,41.95558,NA
"1309BAS0950A",4,26.65,3.28278915061185,0.260640946481566,576000,80.4627238368056,0.237802597124993,0.060370892965128,25.95640303,-74.0139,42.4812,"1309-0001"
"1309GRE0924",NA,15,2.70805020110221,0.152561888313184,147000,11.5959019591837,0.162735849056604,0.0218446601941748,52.92759581,-73.8818,42.2874,"1309-0018"
"1309HOL0913",7,26.6,3.28091121578765,0.170238095238095,265000,14.4191014339623,0.0479338842975207,0.380106571936057,14.50378158,-73.8845,42.3095,"1309-0007"
"1309NOR6398",3.5,13.2,2.58021682959233,0.068973164781548,151000,29.2109876887417,0.158813263525305,0.00535594733318456,0,-74.0428,42.1981,"1309-0017"
"1310BLA0N80B",8,10.4,2.34180580614733,0.0533877261440227,127000,122.482280708661,0.107683518994573,0,44.95903569,-73.4096,42.6177,"1310-0046"
"1310KIN0024",9.5,25.5005,3.23869805981529,0.329837519851898,1341000,73.3022857718121,0.320248736883016,0.166529653552554,106.3996183,-73.6601,42.4526,"1310-0002"
"1310LYO0035",3,39.4,3.67376581630389,0.105633802816901,87000,9.77202684827586,0.136752136752137,0.0173410404624277,26.84552847,-73.5805,42.536,"1310-0025"
"1310NAS0034",7,49.4,3.89995042419388,0.230226796264532,654000,66.5635146636086,0.270760391417542,0.101857880800451,69.49857951,-73.6038,42.5381,"1310-0001"
"1310QUE0057",13.5,7.65,2.03470564783844,0.148179038087295,496000,7.64555782056452,0.234466588511137,0.148727984344423,198.9045747,-73.4147,42.4072,"1310-0033"
"1310ROU0080",10.1,10.05,2.30757263450508,0.133333333333333,39000,17.0942503666667,0.547619047619048,0,437.5512543,-73.4355,42.6447,"1310-0044"
"1310SPR0081",12.5,8.92,2.18829594659192,0.185882352941176,107000,4.53229314672897,0.423529411764706,0,652.2893914,-73.4215,42.6535,"1310-0045"
"1310SUT0052",4.2,108.85,4.68997078768056,0.716783216783217,135000,4.50495558296296,0.669090909090909,0,15.90778402,-73.5686,42.4013,"1310-0032"
"1311DUA0276A",6,34.8,3.54961738678043,0.458574181117534,485000,4.83106176907217,0.635119726339795,0,218.4462028,-74.1126,42.7491,"1311-0006"
"1311THO0274",20,8.55,2.14593128294867,0.217233888486604,522000,3.29286240421456,0.357142857142857,0,377.257714,-74.0422,42.6496,"1311-0007"
"1311WAT0270",10.5,24.65,3.2047769004887,0.358988767367991,1539000,199.184406432749,0.289408037076008,0.0823510623268613,44.43133632,-73.9684,42.7196,"1311-0001"
"1401ANA0251",25,6.1,1.80828877117927,0.168469860896445,132000,5.57317211287879,0.365979381443299,0,659.7626984,-74.9629,41.8575,"1401-0129"
"1401CHA0173A",2.5,20.1,3.00071981506503,0.0390321617046699,122000,79.4411738442623,0.0481670929241262,0.0338884019865615,66.08388604,-74.8283,41.5189,"1401-0081"
"1401CHE0106",6,29.65,3.38946212544373,0.400193915888983,205000,37.2662317804878,0.209609043805935,0.0172455671605538,12.98808062,-74.8873,41.6776,"1401-0053"
"1401CRY0260",12.1,5.3,1.66770682055808,0,146000,6.16595434452055,0,0.060179257362356,0,-75.0269,41.8731,"1401-0134"
"1401DEV0174",16.5,8.6,2.15176220325946,0.293269230769231,282000,2.29300006985816,0.24896265560166,0,573.5663792,-74.8394,41.521,"1401-0080"
"1401HUN0216",15,24,3.17805383034795,0.307173513182097,291000,6.11598675257732,0.486301369863014,0,37.99668363,-74.9904,41.6829,"1401-0008"
"1401LOC0170",10.1,18.823,2.93507952634204,0.280172413793103,357000,5.13897553221288,0.207627118644068,0.0147510755992624,109.8143814,-74.8566,41.494,"1401-0079"
"1401MON0096A",10.1,17.3,2.85070650150373,0.18129113872672,428000,970.56464088785,0.128897233925627,0.0916421319385408,37.46466709,-74.7771,41.5472,"1401-0075"
"1401MON0186",10,12.448,2.52155996743604,0.0949033391915641,70000,8.37671895285714,0.16030534351145,0,435.5141857,-74.9173,41.5253,"1401-0091"
"1401MOU0114",6,58.5,4.06902675423781,0.191285683623095,232000,97.1091423706897,0.13953488372093,0.0258265805780647,121.9778924,-74.8148,41.6571,"1401-0058"
"1401SOM0268",15.5,9.1,2.2082744135228,0.19120654396728,230000,4.78213749565217,0.186550976138829,0.0453141091658084,228.1476705,-75.229,41.9102,"1401-0141"
"1401STU0245",3,41.5,3.72569342723665,0.146306818181818,77000,17.2974665454545,0.0392156862745098,0,67.24308802,-74.9005,41.8367,"1401-0124"
"1401SUP0104",8.5,18.3,2.90690105984738,0.307716049382716,780000,16.1943626923077,0.157908034360788,0.02029621503017,13.58873042,-74.8766,41.6656,"1401-0051"
"1401SWA0211",2.5,42.1,3.74004774068834,0.0621488460541101,265000,119.253084301887,0.0709290709290709,0.0442748974047743,5.492131592,-74.9827,41.5932,"1401-0107"
"1401SWI0108A",25,11.4,2.43361335540045,0.202796212671224,3587000,85.4544275996655,0.148295144744684,0.0822217383189199,44.382596,-74.7786,41.5895,"1401-0002"
"1401TOR0100A",21.1,14.9,2.70136121295141,0.206083507164108,3429000,17.1772867045786,0.127620295378752,0.0226681466578792,24.15014048,-74.8394,41.6266,"1401-0046"
"1401YOR0203",8.2,8.849,2.18030445828521,0.121042830540037,293000,3.18910586996587,0.0687830687830688,0,192.8298365,-74.9688,41.5017,"1401-0099"
"1402EAS0055",3.4,13.2,2.58021682959233,0.063573883161512,260000,3.12701093923077,0,0,0,-74.5794,41.7329,"1402-0060"
"1402EVE0050A",9.134,74.2,4.30676415017333,0.255180820804551,114000,61.4378032192982,0.32890365448505,0.0213377102995486,49.27408826,-74.6526,41.7647,"1402-0004"
"1402GUY0014",4.6,19.7465,2.98297626045279,0.23827392120075,131000,8.31393238931298,0.244343891402715,0,303.7076295,-74.6008,41.4284,"1402-0031"
"1402HAW0005A",2.2,41.4,3.72328088083127,0.322496749024707,91000,8.45007577362637,0.50761421319797,0,818.918949,-74.624,41.3769,"1402-0028"
"1402KIA0044",11.2,14.6,2.68102152871429,0.4287841191067,542000,4.4269682398524,0.487341772151899,0,15.066052,-74.6664,41.6769,"1402-0003"
"1402LOU0040",6,9.3,2.23001440015921,0.559100418410042,879000,2.94050833560865,0.670940170940171,0.0931842385516507,53.05004192,-74.5804,41.6052,"1402-0049"
"1402MAR0002",2.3,25.8,3.25037449192757,0.0978600625150277,269000,57.2653230483271,0.096108866680842,0.155023194627155,26.09625473,-74.6546,41.4007,"1402-0026"
"1402MOR0050",2.5,71.2,4.26549281841793,0.268848687650319,510000,18.2967260843137,0.303319690768531,0.0168454935622318,36.94538385,-74.651,41.75116,"1402-0001"
"1402PLE0045",7.7,20.6,3.02529107579554,0.238522766864096,802000,44.2591824563591,0.232712592785519,0.0134293869783879,20.23237123,-74.628,41.6961,"1402-0055"
"1402RE10003",6.7,11.65,2.45530618001171,0.0223671947809879,88000,100.878133556818,0.0199778024417314,0.0210457086484709,5.000670006,-74.6897,41.3931,"1402-0027"
"1402WOL0037",4.9,15.5,2.7408400239252,0.0866264356628382,1102000,5.41882549727768,0.219063545150502,0.0775726630007856,404.5228098,-74.5881,41.5866,"1402-0045"
"1402YAN0021",6.7,12.078,2.49138561588571,0.148810342456333,1575000,5.19556179365079,0.152877697841727,0.137455147667679,296.5598018,-74.5531,41.585,"1402-0035"
"1403BIG0345",19.1,2.5,0.916290731874155,0.0383190883190883,200000,33.08112431,0.137594799566631,0.0995280995280995,15.30519815,-74.7239,42.0468,"1403-0084"
"1403TRO0287",7.1,10.5,2.35137525716348,0,93000,32.1623133010753,0,0.100871731008717,0,-74.9447,42.0091,"1403-0057"
"1403WAN0338",2.7,8.3,2.11625551480255,0.0372290292177191,109000,37.4987081284404,0.0998080614203455,0.042205415955111,27.03629853,-74.8293,41.9636,"1403-0081"
"1404BEA0401",2.6,20.85,3.03735394824481,0.211523881728582,49000,49.4449640408163,0.164948453608247,0,24.93053155,-75.3789,42.2019,"1404-0047"
"1404DEE0389",4.5,32.3,3.47506723022861,0.137745408486384,125000,47.190605496,0.223418573351279,0.0398412698412698,184.0951472,-75.5534,42.0596,"1404-0038"
"1404LAU0382",12.7,17.6,2.86789890204411,0.449056603773585,40000,7.037861945,0.62,0,1439.794171,-75.4803,42.0104,"1404-0033"
"1404OQU0383",35,5,1.6094379124341,0.153880663974877,547000,4.63648666727605,0.592391304347826,0,78.18554918,-75.4594,42.0224,"1404-0032"
"1404PAG0391",9,10.8,2.37954613413017,0.0502325581395349,39000,25.7818209230769,0.0218068535825545,0,0,-75.4822,42.1426,"1404-0041"
"1404RUS0410",2,16.6,2.8094026953625,0.0349255264509502,21000,84.535448,0.0688073394495413,0.0679012345679012,9.013297039,-75.0955,42.1222,"1404-0055"
"1501CON0984",2,66.35,4.19494376077822,0.672274562584118,465000,23.7828975483871,0.710409472126295,0.129503856337055,0,-73.9397,41.1428,"1501-0019"
"1501DEF0977A",7.6,43.3,3.76815263500844,0.672976133159089,2857000,24.8962362163108,0.60675450204246,0.160123084854441,4.603406956,-73.9621,41.1318,"1501-0007"
"1501FOU6903",1.5,131,4.87519732320115,0.0317997293640054,26000,205.721000461538,0.0634517766497462,0,0,-74.2224,41.2225,NA
"1501GRE1026",16.6,16.5,2.80336038090653,0.224052317511198,7252000,9.80402688499724,0.451697127937337,0.384717749884997,523.0210477,-74.3196,41.1898,"1501-0001"
"1501KAN1003",5,13.4,2.59525470695687,0.0628996476575754,555000,26.5709186846847,0.128177393185506,0.396412143514259,0,-74.1202,41.2263,"1501-0045"
"1501LUC0982B",3.4,79.254,4.37265788466978,0.513782051282051,57000,246.921571754386,0.451632970451011,0.0779343995662781,22.70531528,-73.9978,41.1837,"1501-0017"
"1501MOM1010",9.1,12.6,2.53369681395743,0.172591827703201,1303000,5.59103240752111,0.118802619270346,0.0046583850931677,93.20642767,-74.2058,41.2809,"1501-0002"
"1501ROC0985",11.1,29.3,3.37758751602302,0.532043530834341,1121000,5.62396640053524,0.472511144130758,0.150733554188358,0,-73.9228,41.1386,"1501-0021"
"1501ROU1021",8.5,16.6,2.8094026953625,0.454124189063948,368000,6.27877530163044,0.407249466950959,0,165.4005883,-74.2069,41.3196,"1501-0063"
"1501SKA1003D",NA,5.7,1.7404661748405,0.0241119483315393,145000,30.8969428551724,0.103950103950104,0.178403755868545,0,-74.1059,41.2407,"1501-0047"
"1501STA1011",NA,7.3,1.98787434815435,0.0525997581620314,350000,9.42338421142857,0.0808709175738725,0.0148698884758364,0,-74.1603,41.2378,"1501-0053"
"1501SWA0984A",1.7,149,5.00394630594546,0.634680134680135,164000,56.5465134573171,0.709698137443802,0.144161593801882,0,-73.9308,41.1511,"1501-0019"
"1501TUX1007",50,16.3,2.79116510781272,0.160374868004224,1112000,7.18060458003597,0.267665952890792,0.00476622787108488,3.381836723,-74.2058,41.2015,"1501-0050"
"1501UWB1006",5.2,26.6075,3.28119313093306,0.198977729098211,45000,191.351246111111,0.294235924932976,0.00454939341421144,3.063211664,-74.2005,41.2106,NA
"1501WEE1005",5.7,24.026,3.17913657729918,0.108788512223939,196000,108.523131071429,0.179782469609725,0.00263198637559994,1.282352773,-74.1946,41.2156,"1501-0049"
"1601RUD1134",NA,18.1,2.89591193827178,0.11736641221374,230000,9.1374844173913,0.166666666666667,0.0548543689320388,16.36247468,-73.5049,41.9772,"1601-0001"
"1601UWB6647",0.65,18.6,2.92316158071916,0.00839328537170264,40000,38.371192025,0,0.0174488567990373,0,-73.4521,42.3648,NA
"1701AGA0815",2.5,95.9,4.56330598188939,0.940521227406473,229000,19.7925322052402,0.735905044510386,0.997357992073976,351.6657022,-72.3922,40.8744,"1701-0117"
"1701AVO0961",4.48,51.9,3.94931879017184,0.965226469643431,7000,1600.56976,1,0.992169072554015,0,-73.4134,40.6742,NA
"1701BEL0949",NA,21.15,3.05163990549229,0.886514012949572,112000,680.736103660714,0.647826086956522,0.818408642930213,0,-73.3429,40.7353,"1701-0021"
"1701CAN0889",2,23.55,3.15912582046243,0.870265151515151,77000,370.528137792208,0.756923076923077,0.987933282080423,0,-73.0212,40.7879,"1701-0018"
"1701DON0565A",0.9,99.9,4.60416968565451,0.389003410430496,171000,840.776590643275,0.117541930162222,0.952194096408355,0,-72.7791,40.8981,NA
"1701FRE0661",15.5,10.95,2.39333945626251,0.299539170506912,314000,7.21149783121019,0.420689655172414,0.993402450518379,471.2605984,-72.4188,40.9222,"1701-0125"
"1701FRE0753",3,64.3,4.16355963124357,0.0354464894342195,139000,10.3680809064748,0,0.919642857142857,0,-72.0245,41.0159,"1701-0280"
"1701GRE0885",2.5,14.4,2.66722820658195,0.883910813357061,164000,210.825115365854,0.815447154471545,0.985154359246798,0,-73.0214,40.7687,"1701-0055"
"1701HEM1012",NA,9.2,2.21920348405499,0.888073131825433,408000,109.408482279412,0.265700483091787,0.624120333064733,0,-73.6444,40.6764,"1701-0015"
"1701LAU0496",13.8,43.8,3.7796338173824,0.686363636363636,122000,35.2050952622951,0.105882352941176,0.917467248908297,0,-72.5575,40.9789,"1701-0128"
"1701LFR0662",8.5,22.4,3.10906095886099,0.415272415272415,69000,31.4870301594203,0.561538461538462,0.987852494577007,597.9612467,-72.4085,40.9182,"1701-0125"
"1701LLO0708",8.5,16.5,2.80336038090653,0.0816901408450704,75000,9.05291996133333,0.0588235294117647,0.932707355242567,122.1673582,-72.2962,40.9776,"1701-0353"
"1701LON0702",3.1,26.6,3.28091121578765,0.204861832536879,269000,16.9915482230483,0.0492700729927007,0.950772626931567,70.32423874,-72.2908,40.9751,"1701-0353"
"1701LOW0855",1.5,27,3.29583686600433,0.710913501985874,116000,1595.20136896552,0.273015873015873,0.990530689725578,0,-72.925,40.8363,"1701-0322"
"1701MAI0907",0.81,28.7,3.35689712276558,0.801126543401763,77000,952.884523896104,0.219184027777778,0.94660580426316,102.9835029,-73.1478,40.7517,NA
"1701MAR0495",5.1,630,6.44571981938558,0.650837988826816,86000,4.64819524069767,0.210526315789474,0.908571428571429,0,-72.524,40.9931,"1701-0129"
"1701PEC0555",2,56.7,4.03777421073371,0.407888250621221,435000,414.610584137931,0.13925990803591,0.955914365808967,0,-72.7178,40.914,"1701-0262"
"1701PRO0009",7.1,605,6.40522845803084,0.667501565435191,168000,9.38045585714286,0.497297297297297,0.93436645396536,0,-73.9699,40.6549,"1701-0196"
"1701REE0763",1.5,27.3,3.30688670219091,0.0305343511450382,211000,4.65783751469194,0,0.294759825327511,0,-71.9101,41.0781,"1701-0281"
"1701UPP0856",2.1,11.2,2.41591377830105,0.721551360338419,73000,2438.23701780822,0.314937454010302,0.991337630942788,0,-72.937,40.8431,"1701-0323"
"1702BRY1106",11.9,9.1,2.2082744135228,0.276982186517639,646000,4.99503913157895,0.274537695590327,0.540035273368607,11.8085174,-73.6914,41.1682,"1702-0134"
"1702CLO1074",1,86.8,4.4636066216663,0.822463768115942,56000,58.4472092321429,1,0.633001422475107,0,-74.1076,40.6168,NA
"1702KIS0076",1.6,106,4.66343909411207,0.990070651136147,33000,143.816705030303,0.316666666666667,0.926229508196721,0,-73.8055,40.7481,"1702-0258"
"1702NEW0292",2.3,44.8,3.80220813942094,0.898443929079075,411000,118.146805182482,0.405,0.952285213325541,288.6239622,-73.2197,40.8402,"1702-0238"
"1702OAK0107",2.9,49,3.89182029811063,0.930056179775281,41000,79.0075764390244,0.701754385964912,0.716417910447761,0,-73.7596,40.7586,"1702-0114"
"1702OHR1069B",3,19.8,2.98568193770049,0.0994764397905759,44000,4.64057656136364,0,0.0828402366863905,0,-74.1239,40.5888,"1701-0358"
"1702SHE1087",4.3,73.4,4.29592393562047,0.952057478772044,96000,72.5913578645833,0.930428671820098,0.132949727437916,0,-73.7745,40.9524,"1702-0067"
"1702UWB0159",3.7,25.1,3.22286784613774,0.697726854408246,32000,612.22202875,0.192504258943782,0.631152256917203,0,-73.459,40.8499,NA
"1702UWB0340A",1.45,38.6,3.65325227647079,0.804277787721496,12000,840.397790833333,0.571428571428571,0.990743535566958,0,-73.1157,40.9462,NA
